Date,Away Team,Home Team,Arena,PDF Link,Start of 1st Quarter
Tue Oct 22 2024,New York Knicks,Boston Celtics,TD Garden,https://statsdmz.nba.com/pdfs/20241022/20241022_NYKBOS_book.pdf,7:35 PM
Tue Oct 22 2024,Minnesota Timberwolves,Los Angeles Lakers,Crypto.com Arena,https://statsdmz.nba.com/pdfs/20241022/20241022_MINLAL_book.pdf,7:06 PM
Wed Oct 23 2024,Indiana Pacers,Detroit Pistons,Little Caesars Arena,https://statsdmz.nba.com/pdfs/20241023/20241023_INDDET_book.pdf,7:13 PM
Wed Oct 23 2024,Brooklyn Nets,Atlanta Hawks,State Farm Arena,https://statsdmz.nba.com/pdfs/20241023/20241023_BKNATL_book.pdf,7:44 PM
Wed Oct 23 2024,Orlando Magic,Miami Heat,Kaseya Center,https://statsdmz.nba.com/pdfs/20241023/20241023_ORLMIA_book.pdf,7:43 PM
Wed Oct 23 2024,Milwaukee Bucks,Philadelphia 76ers,Wells Fargo Center,https://statsdmz.nba.com/pdfs/20241023/20241023_MILPHI_book.pdf,7:44 PM
Wed Oct 23 2024,Cleveland Cavaliers,Toronto Raptors,Scotiabank Arena,https://statsdmz.nba.com/pdfs/20241023/20241023_CLETOR_book.pdf,7:44 PM
Wed Oct 23 2024,Charlotte Hornets,Houston Rockets,Toyota Center,https://statsdmz.nba.com/pdfs/20241023/20241023_CHAHOU_book.pdf,7:13 PM
Wed Oct 23 2024,Chicago Bulls,New Orleans Pelicans,Smoothie King Center,https://statsdmz.nba.com/pdfs/20241023/20241023_CHINOP_book.pdf,7:13 PM
Wed Oct 23 2024,Memphis Grizzlies,Utah Jazz,Delta Center,https://statsdmz.nba.com/pdfs/20241023/20241023_MEMUTA_book.pdf,7:14 PM
Wed Oct 23 2024,Phoenix Suns,Los Angeles Clippers,Intuit Dome,https://statsdmz.nba.com/pdfs/20241023/20241023_PHXLAC_book.pdf,7:17 PM
Wed Oct 23 2024,Golden State Warriors,Portland Trail Blazers,Moda Center,https://statsdmz.nba.com/pdfs/20241023/20241023_GSWPOR_book.pdf,7:17 PM
Thu Oct 24 2024,Boston Celtics,Washington Wizards,Capital One Arena,https://statsdmz.nba.com/pdfs/20241024/20241024_BOSWAS_book.pdf,7:14 PM
Thu Oct 24 2024,San Antonio Spurs,Dallas Mavericks,American Airlines Center,https://statsdmz.nba.com/pdfs/20241024/20241024_SASDAL_book.pdf,6:36 PM
Thu Oct 24 2024,Minnesota Timberwolves,Sacramento Kings,Golden 1 Center,https://statsdmz.nba.com/pdfs/20241024/20241024_MINSAC_book.pdf,7:11 PM
Thu Oct 24 2024,Oklahoma City Thunder,Denver Nuggets,Ball Arena,https://statsdmz.nba.com/pdfs/20241024/20241024_OKCDEN_book.pdf,8:10 PM
Fri Oct 25 2024,Brooklyn Nets,Orlando Magic,Kia Center,https://statsdmz.nba.com/pdfs/20241025/20241025_BKNORL_book.pdf,7:14 PM
Fri Oct 25 2024,Philadelphia 76ers,Toronto Raptors,Scotiabank Arena,https://statsdmz.nba.com/pdfs/20241025/20241025_PHITOR_book.pdf,7:12 PM
Fri Oct 25 2024,Charlotte Hornets,Atlanta Hawks,State Farm Arena,https://statsdmz.nba.com/pdfs/20241025/20241025_CHAATL_book.pdf,7:41 PM
Fri Oct 25 2024,Detroit Pistons,Cleveland Cavaliers,Rocket Mortgage FieldHouse,https://statsdmz.nba.com/pdfs/20241025/20241025_DETCLE_book.pdf,7:43 PM
Fri Oct 25 2024,Indiana Pacers,New York Knicks,Madison Square Garden,https://statsdmz.nba.com/pdfs/20241025/20241025_INDNYK_book.pdf,7:43 PM
Fri Oct 25 2024,Memphis Grizzlies,Houston Rockets,Toyota Center,https://statsdmz.nba.com/pdfs/20241025/20241025_MEMHOU_book.pdf,7:11 PM
Fri Oct 25 2024,Chicago Bulls,Milwaukee Bucks,Fiserv Forum,https://statsdmz.nba.com/pdfs/20241025/20241025_CHIMIL_book.pdf,7:15 PM
Fri Oct 25 2024,Golden State Warriors,Utah Jazz,Delta Center,https://statsdmz.nba.com/pdfs/20241025/20241025_GSWUTA_book.pdf,7:41 PM
Fri Oct 25 2024,Phoenix Suns,Los Angeles Lakers,Crypto.com Arena,https://statsdmz.nba.com/pdfs/20241025/20241025_PHXLAL_book.pdf,7:14 PM
Fri Oct 25 2024,New Orleans Pelicans,Portland Trail Blazers,Moda Center,https://statsdmz.nba.com/pdfs/20241025/20241025_NOPPOR_book.pdf,7:12 PM
Sat Oct 26 2024,Los Angeles Clippers,Denver Nuggets,Ball Arena,https://statsdmz.nba.com/pdfs/20241026/20241026_LACDEN_book.pdf,3:12 PM
Sat Oct 26 2024,Cleveland Cavaliers,Washington Wizards,Capital One Arena,https://statsdmz.nba.com/pdfs/20241026/20241026_CLEWAS_book.pdf,7:11 PM
Sat Oct 26 2024,Boston Celtics,Detroit Pistons,Little Caesars Arena,https://statsdmz.nba.com/pdfs/20241026/20241026_BOSDET_book.pdf,7:10 PM
Sat Oct 26 2024,Miami Heat,Charlotte Hornets,Spectrum Center,https://statsdmz.nba.com/pdfs/20241026/20241026_MIACHA_book.pdf,7:13 PM
Sat Oct 26 2024,Orlando Magic,Memphis Grizzlies,FedExForum,https://statsdmz.nba.com/pdfs/20241026/20241026_ORLMEM_book.pdf,7:12 PM
Sat Oct 26 2024,Toronto Raptors,Minnesota Timberwolves,Target Center,https://statsdmz.nba.com/pdfs/20241026/20241026_TORMIN_book.pdf,7:14 PM
Sat Oct 26 2024,Oklahoma City Thunder,Chicago Bulls,United Center,https://statsdmz.nba.com/pdfs/20241026/20241026_OKCCHI_book.pdf,7:13 PM
Sat Oct 26 2024,Houston Rockets,San Antonio Spurs,Frost Bank Center,https://statsdmz.nba.com/pdfs/20241026/20241026_HOUSAS_book.pdf,7:40 PM
Sat Oct 26 2024,Dallas Mavericks,Phoenix Suns,Footprint Center,https://statsdmz.nba.com/pdfs/20241026/20241026_DALPHX_book.pdf,7:13 PM
Sat Oct 26 2024,Sacramento Kings,Los Angeles Lakers,Crypto.com Arena,https://statsdmz.nba.com/pdfs/20241026/20241026_SACLAL_book.pdf,7:40 PM
Sun Oct 27 2024,Philadelphia 76ers,Indiana Pacers,Gainbridge Fieldhouse,https://statsdmz.nba.com/pdfs/20241027/20241027_PHIIND_book.pdf,3:44 PM
Sun Oct 27 2024,New Orleans Pelicans,Portland Trail Blazers,Moda Center,https://statsdmz.nba.com/pdfs/20241027/20241027_NOPPOR_book.pdf,3:12 PM
Sun Oct 27 2024,Milwaukee Bucks,Brooklyn Nets,Barclays Center,https://statsdmz.nba.com/pdfs/20241027/20241027_MILBKN_book.pdf,6:14 PM
Sun Oct 27 2024,Atlanta Hawks,Oklahoma City Thunder,Paycom Center,https://statsdmz.nba.com/pdfs/20241027/20241027_ATLOKC_book.pdf,6:10 PM
Sun Oct 27 2024,Los Angeles Clippers,Golden State Warriors,Chase Center,https://statsdmz.nba.com/pdfs/20241027/20241027_LACGSW_book.pdf,5:44 PM
Mon Oct 28 2024,Indiana Pacers,Orlando Magic,Kia Center,https://statsdmz.nba.com/pdfs/20241028/20241028_INDORL_book.pdf,7:10 PM
Mon Oct 28 2024,Washington Wizards,Atlanta Hawks,State Farm Arena,https://statsdmz.nba.com/pdfs/20241028/20241028_WASATL_book.pdf,7:40 PM
Mon Oct 28 2024,Milwaukee Bucks,Boston Celtics,TD Garden,https://statsdmz.nba.com/pdfs/20241028/20241028_MILBOS_book.pdf,7:40 PM
Mon Oct 28 2024,Denver Nuggets,Toronto Raptors,Scotiabank Arena,https://statsdmz.nba.com/pdfs/20241028/20241028_DENTOR_book.pdf,7:42 PM
Mon Oct 28 2024,Detroit Pistons,Miami Heat,Kaseya Center,https://statsdmz.nba.com/pdfs/20241028/20241028_DETMIA_book.pdf,7:42 PM
Mon Oct 28 2024,Cleveland Cavaliers,New York Knicks,Madison Square Garden,https://statsdmz.nba.com/pdfs/20241028/20241028_CLENYK_book.pdf,7:41 PM
Mon Oct 28 2024,Houston Rockets,San Antonio Spurs,Frost Bank Center,https://statsdmz.nba.com/pdfs/20241028/20241028_HOUSAS_book.pdf,7:10 PM
Mon Oct 28 2024,Chicago Bulls,Memphis Grizzlies,FedExForum,https://statsdmz.nba.com/pdfs/20241028/20241028_CHIMEM_book.pdf,7:10 PM
Mon Oct 28 2024,Utah Jazz,Dallas Mavericks,American Airlines Center,https://statsdmz.nba.com/pdfs/20241028/20241028_UTADAL_book.pdf,7:41 PM
Mon Oct 28 2024,Portland Trail Blazers,Sacramento Kings,Golden 1 Center,https://statsdmz.nba.com/pdfs/20241028/20241028_PORSAC_book.pdf,7:10 PM
Mon Oct 28 2024,Los Angeles Lakers,Phoenix Suns,Footprint Center,https://statsdmz.nba.com/pdfs/20241028/20241028_LALPHX_book.pdf,7:10 PM
Tue Oct 29 2024,Denver Nuggets,Brooklyn Nets,Barclays Center,https://statsdmz.nba.com/pdfs/20241029/20241029_DENBKN_book.pdf,7:41 PM
Tue Oct 29 2024,Dallas Mavericks,Minnesota Timberwolves,Target Center,https://statsdmz.nba.com/pdfs/20241029/20241029_DALMIN_book.pdf,6:35 PM
Tue Oct 29 2024,Sacramento Kings,Utah Jazz,Delta Center,https://statsdmz.nba.com/pdfs/20241029/20241029_SACUTA_book.pdf,7:10 PM
Tue Oct 29 2024,New Orleans Pelicans,Golden State Warriors,Chase Center,https://statsdmz.nba.com/pdfs/20241029/20241029_NOPGSW_book.pdf,7:05 PM
Wed Oct 30 2024,Detroit Pistons,Philadelphia 76ers,Wells Fargo Center,https://statsdmz.nba.com/pdfs/20241030/20241030_DETPHI_book.pdf,7:11 PM
Wed Oct 30 2024,Atlanta Hawks,Washington Wizards,Capital One Arena,https://statsdmz.nba.com/pdfs/20241030/20241030_ATLWAS_book.pdf,7:10 PM
Wed Oct 30 2024,Boston Celtics,Indiana Pacers,Gainbridge Fieldhouse,https://statsdmz.nba.com/pdfs/20241030/20241030_BOSIND_book.pdf,7:13 PM
Wed Oct 30 2024,Los Angeles Lakers,Cleveland Cavaliers,Rocket Mortgage FieldHouse,https://statsdmz.nba.com/pdfs/20241030/20241030_LALCLE_book.pdf,7:11 PM
Wed Oct 30 2024,Toronto Raptors,Charlotte Hornets,Spectrum Center,https://statsdmz.nba.com/pdfs/20241030/20241030_TORCHA_book.pdf,7:11 PM
Wed Oct 30 2024,New York Knicks,Miami Heat,Kaseya Center,https://statsdmz.nba.com/pdfs/20241030/20241030_NYKMIA_book.pdf,7:42 PM
Wed Oct 30 2024,Orlando Magic,Chicago Bulls,United Center,https://statsdmz.nba.com/pdfs/20241030/20241030_ORLCHI_book.pdf,7:10 PM
Wed Oct 30 2024,Brooklyn Nets,Memphis Grizzlies,FedExForum,https://statsdmz.nba.com/pdfs/20241030/20241030_BKNMEM_book.pdf,7:11 PM
Wed Oct 30 2024,San Antonio Spurs,Oklahoma City Thunder,Paycom Center,https://statsdmz.nba.com/pdfs/20241030/20241030_SASOKC_book.pdf,8:43 PM
Wed Oct 30 2024,New Orleans Pelicans,Golden State Warriors,Chase Center,https://statsdmz.nba.com/pdfs/20241030/20241030_NOPGSW_book.pdf,7:10 PM
Wed Oct 30 2024,Portland Trail Blazers,Los Angeles Clippers,Intuit Dome,https://statsdmz.nba.com/pdfs/20241030/20241030_PORLAC_book.pdf,7:40 PM
Thu Oct 31 2024,Milwaukee Bucks,Memphis Grizzlies,FedExForum,https://statsdmz.nba.com/pdfs/20241031/20241031_MILMEM_book.pdf,7:10 PM
Thu Oct 31 2024,Houston Rockets,Dallas Mavericks,American Airlines Center,https://statsdmz.nba.com/pdfs/20241031/20241031_HOUDAL_book.pdf,7:41 PM
Thu Oct 31 2024,San Antonio Spurs,Utah Jazz,Delta Center,https://statsdmz.nba.com/pdfs/20241031/20241031_SASUTA_book.pdf,7:11 PM
Thu Oct 31 2024,Phoenix Suns,Los Angeles Clippers,Intuit Dome,https://statsdmz.nba.com/pdfs/20241031/20241031_PHXLAC_book.pdf,7:40 PM
Fri Nov 1 2024,Boston Celtics,Charlotte Hornets,Spectrum Center,https://statsdmz.nba.com/pdfs/20241101/20241101_BOSCHA_book.pdf,7:10 PM
Fri Nov 1 2024,Orlando Magic,Cleveland Cavaliers,Rocket Mortgage FieldHouse,https://statsdmz.nba.com/pdfs/20241101/20241101_ORLCLE_book.pdf,7:14 PM
Fri Nov 1 2024,New York Knicks,Detroit Pistons,Little Caesars Arena,https://statsdmz.nba.com/pdfs/20241101/20241101_NYKDET_book.pdf,7:11 PM
Fri Nov 1 2024,Sacramento Kings,Atlanta Hawks,State Farm Arena,https://statsdmz.nba.com/pdfs/20241101/20241101_SACATL_book.pdf,7:40 PM
Fri Nov 1 2024,Chicago Bulls,Brooklyn Nets,Barclays Center,https://statsdmz.nba.com/pdfs/20241101/20241101_CHIBKN_book.pdf,7:41 PM
Fri Nov 1 2024,Los Angeles Lakers,Toronto Raptors,Scotiabank Arena,https://statsdmz.nba.com/pdfs/20241101/20241101_LALTOR_book.pdf,7:42 PM
Fri Nov 1 2024,Indiana Pacers,New Orleans Pelicans,Smoothie King Center,https://statsdmz.nba.com/pdfs/20241101/20241101_INDNOP_book.pdf,7:10 PM
Fri Nov 1 2024,Denver Nuggets,Minnesota Timberwolves,Target Center,https://statsdmz.nba.com/pdfs/20241101/20241101_DENMIN_book.pdf,8:43 PM
Fri Nov 1 2024,Oklahoma City Thunder,Portland Trail Blazers,Moda Center,https://statsdmz.nba.com/pdfs/20241101/20241101_OKCPOR_book.pdf,7:13 PM
Sat Nov 2 2024,Boston Celtics,Charlotte Hornets,Spectrum Center,https://statsdmz.nba.com/pdfs/20241102/20241102_BOSCHA_book.pdf,6:10 PM
Sat Nov 2 2024,Memphis Grizzlies,Philadelphia 76ers,Wells Fargo Center,https://statsdmz.nba.com/pdfs/20241102/20241102_MEMPHI_book.pdf,7:41 PM
Sat Nov 2 2024,Sacramento Kings,Toronto Raptors,Scotiabank Arena,https://statsdmz.nba.com/pdfs/20241102/20241102_SACTOR_book.pdf,7:42 PM
Sat Nov 2 2024,Golden State Warriors,Houston Rockets,Toyota Center,https://statsdmz.nba.com/pdfs/20241102/20241102_GSWHOU_book.pdf,7:11 PM
Sat Nov 2 2024,Cleveland Cavaliers,Milwaukee Bucks,Fiserv Forum,https://statsdmz.nba.com/pdfs/20241102/20241102_CLEMIL_book.pdf,7:11 PM
Sat Nov 2 2024,Minnesota Timberwolves,San Antonio Spurs,Frost Bank Center,https://statsdmz.nba.com/pdfs/20241102/20241102_MINSAS_book.pdf,7:11 PM
Sat Nov 2 2024,Miami Heat,Washington Wizards,Capital One Arena,https://statsdmz.nba.com/pdfs/20241102/20241102_MIAWAS_book.pdf,7:45 PM
Sat Nov 2 2024,Utah Jazz,Denver Nuggets,Ball Arena,https://statsdmz.nba.com/pdfs/20241102/20241102_UTADEN_book.pdf,8:11 PM
Sat Nov 2 2024,Portland Trail Blazers,Phoenix Suns,Footprint Center,https://statsdmz.nba.com/pdfs/20241102/20241102_PORPHX_book.pdf,7:10 PM
Sat Nov 2 2024,Oklahoma City Thunder,Los Angeles Clippers,Intuit Dome,https://statsdmz.nba.com/pdfs/20241102/20241102_OKCLAC_book.pdf,7:40 PM
Sun Nov 3 2024,Detroit Pistons,Brooklyn Nets,Barclays Center,https://statsdmz.nba.com/pdfs/20241103/20241103_DETBKN_book.pdf,3:41 PM
Sun Nov 3 2024,Atlanta Hawks,New Orleans Pelicans,Smoothie King Center,https://statsdmz.nba.com/pdfs/20241103/20241103_ATLNOP_book.pdf,6:10 PM
Sun Nov 3 2024,Orlando Magic,Dallas Mavericks,American Airlines Center,https://statsdmz.nba.com/pdfs/20241103/20241103_ORLDAL_book.pdf,6:40 PM
Mon Nov 4 2024,Milwaukee Bucks,Cleveland Cavaliers,Rocket Mortgage FieldHouse,https://statsdmz.nba.com/pdfs/20241104/20241104_MILCLE_book.pdf,7:00 PM
Mon Nov 4 2024,Golden State Warriors,Washington Wizards,Capital One Arena,https://statsdmz.nba.com/pdfs/20241104/20241104_GSWWAS_book.pdf,7:15 PM
Mon Nov 4 2024,Los Angeles Lakers,Detroit Pistons,Little Caesars Arena,https://statsdmz.nba.com/pdfs/20241104/20241104_LALDET_book.pdf,7:31 PM
Mon Nov 4 2024,Boston Celtics,Atlanta Hawks,State Farm Arena,https://statsdmz.nba.com/pdfs/20241104/20241104_BOSATL_book.pdf,7:45 PM
Mon Nov 4 2024,Memphis Grizzlies,Brooklyn Nets,Barclays Center,https://statsdmz.nba.com/pdfs/20241104/20241104_MEMBKN_book.pdf,8:01 PM
Mon Nov 4 2024,Sacramento Kings,Miami Heat,Kaseya Center,https://statsdmz.nba.com/pdfs/20241104/20241104_SACMIA_book.pdf,8:16 PM
Mon Nov 4 2024,Utah Jazz,Chicago Bulls,United Center,https://statsdmz.nba.com/pdfs/20241104/20241104_UTACHI_book.pdf,7:30 PM
Mon Nov 4 2024,New York Knicks,Houston Rockets,Toyota Center,https://statsdmz.nba.com/pdfs/20241104/20241104_NYKHOU_book.pdf,7:46 PM
Mon Nov 4 2024,Charlotte Hornets,Minnesota Timberwolves,Target Center,https://statsdmz.nba.com/pdfs/20241104/20241104_CHAMIN_book.pdf,8:00 PM
Mon Nov 4 2024,Orlando Magic,Oklahoma City Thunder,Paycom Center,https://statsdmz.nba.com/pdfs/20241104/20241104_ORLOKC_book.pdf,8:15 PM
Mon Nov 4 2024,Portland Trail Blazers,New Orleans Pelicans,Smoothie King Center,https://statsdmz.nba.com/pdfs/20241104/20241104_PORNOP_book.pdf,8:30 PM
Mon Nov 4 2024,Indiana Pacers,Dallas Mavericks,American Airlines Center,https://statsdmz.nba.com/pdfs/20241104/20241104_INDDAL_book.pdf,8:45 PM
Mon Nov 4 2024,Toronto Raptors,Denver Nuggets,Ball Arena,https://statsdmz.nba.com/pdfs/20241104/20241104_TORDEN_book.pdf,8:00 PM
Mon Nov 4 2024,Philadelphia 76ers,Phoenix Suns,Footprint Center,https://statsdmz.nba.com/pdfs/20241104/20241104_PHIPHX_book.pdf,8:15 PM
Mon Nov 4 2024,San Antonio Spurs,Los Angeles Clippers,Intuit Dome,https://statsdmz.nba.com/pdfs/20241104/20241104_SASLAC_book.pdf,7:30 PM
Wed Nov 6 2024,Detroit Pistons,Charlotte Hornets,Spectrum Center,https://statsdmz.nba.com/pdfs/20241106/20241106_DETCHA_book.pdf,7:10 PM
Wed Nov 6 2024,Orlando Magic,Indiana Pacers,Gainbridge Fieldhouse,https://statsdmz.nba.com/pdfs/20241106/20241106_ORLIND_book.pdf,7:10 PM
Wed Nov 6 2024,New York Knicks,Atlanta Hawks,State Farm Arena,https://statsdmz.nba.com/pdfs/20241106/20241106_NYKATL_book.pdf,7:40 PM
Wed Nov 6 2024,Golden State Warriors,Boston Celtics,TD Garden,https://statsdmz.nba.com/pdfs/20241106/20241106_GSWBOS_book.pdf,7:44 PM
Wed Nov 6 2024,San Antonio Spurs,Houston Rockets,Toyota Center,https://statsdmz.nba.com/pdfs/20241106/20241106_SASHOU_book.pdf,7:11 PM
Wed Nov 6 2024,Los Angeles Lakers,Memphis Grizzlies,FedExForum,https://statsdmz.nba.com/pdfs/20241106/20241106_LALMEM_book.pdf,7:11 PM
Wed Nov 6 2024,Cleveland Cavaliers,New Orleans Pelicans,Smoothie King Center,https://statsdmz.nba.com/pdfs/20241106/20241106_CLENOP_book.pdf,7:10 PM
Wed Nov 6 2024,Chicago Bulls,Dallas Mavericks,American Airlines Center,https://statsdmz.nba.com/pdfs/20241106/20241106_CHIDAL_book.pdf,7:40 PM
Wed Nov 6 2024,Oklahoma City Thunder,Denver Nuggets,Ball Arena,https://statsdmz.nba.com/pdfs/20241106/20241106_OKCDEN_book.pdf,7:10 PM
Wed Nov 6 2024,Miami Heat,Phoenix Suns,Footprint Center,https://statsdmz.nba.com/pdfs/20241106/20241106_MIAPHX_book.pdf,7:10 PM
Wed Nov 6 2024,Philadelphia 76ers,Los Angeles Clippers,Intuit Dome,https://statsdmz.nba.com/pdfs/20241106/20241106_PHILAC_book.pdf,7:13 PM
Wed Nov 6 2024,Toronto Raptors,Sacramento Kings,Golden 1 Center,https://statsdmz.nba.com/pdfs/20241106/20241106_TORSAC_book.pdf,7:11 PM
Thu Nov 7 2024,Minnesota Timberwolves,Chicago Bulls,United Center,https://statsdmz.nba.com/pdfs/20241107/20241107_MINCHI_book.pdf,7:10 PM
Thu Nov 7 2024,Utah Jazz,Milwaukee Bucks,Fiserv Forum,https://statsdmz.nba.com/pdfs/20241107/20241107_UTAMIL_book.pdf,7:11 PM
Thu Nov 7 2024,Portland Trail Blazers,San Antonio Spurs,Frost Bank Center,https://statsdmz.nba.com/pdfs/20241107/20241107_PORSAS_book.pdf,7:10 PM
Fri Nov 8 2024,Indiana Pacers,Charlotte Hornets,Spectrum Center,https://statsdmz.nba.com/pdfs/20241108/20241108_INDCHA_book.pdf,7:10 PM
Fri Nov 8 2024,Atlanta Hawks,Detroit Pistons,Little Caesars Arena,https://statsdmz.nba.com/pdfs/20241108/20241108_ATLDET_book.pdf,7:10 PM
Fri Nov 8 2024,New Orleans Pelicans,Orlando Magic,Kia Center,https://statsdmz.nba.com/pdfs/20241108/20241108_NOPORL_book.pdf,7:11 PM
Fri Nov 8 2024,Brooklyn Nets,Boston Celtics,TD Garden,https://statsdmz.nba.com/pdfs/20241108/20241108_BKNBOS_book.pdf,7:41 PM
Fri Nov 8 2024,Golden State Warriors,Cleveland Cavaliers,Rocket Mortgage FieldHouse,https://statsdmz.nba.com/pdfs/20241108/20241108_GSWCLE_book.pdf,7:40 PM
Fri Nov 8 2024,Phoenix Suns,Dallas Mavericks,American Airlines Center,https://statsdmz.nba.com/pdfs/20241108/20241108_PHXDAL_book.pdf,6:43 PM
Fri Nov 8 2024,Milwaukee Bucks,New York Knicks,Madison Square Garden,https://statsdmz.nba.com/pdfs/20241108/20241108_MILNYK_book.pdf,7:41 PM
Fri Nov 8 2024,Washington Wizards,Memphis Grizzlies,FedExForum,https://statsdmz.nba.com/pdfs/20241108/20241108_WASMEM_book.pdf,7:10 PM
Fri Nov 8 2024,Houston Rockets,Oklahoma City Thunder,Paycom Center,https://statsdmz.nba.com/pdfs/20241108/20241108_HOUOKC_book.pdf,7:11 PM
Fri Nov 8 2024,Miami Heat,Denver Nuggets,Ball Arena,https://statsdmz.nba.com/pdfs/20241108/20241108_MIADEN_book.pdf,7:10 PM
Fri Nov 8 2024,Portland Trail Blazers,Minnesota Timberwolves,Target Center,https://statsdmz.nba.com/pdfs/20241108/20241108_PORMIN_book.pdf,8:11 PM
Fri Nov 8 2024,Philadelphia 76ers,Los Angeles Lakers,Crypto.com Arena,https://statsdmz.nba.com/pdfs/20241108/20241108_PHILAL_book.pdf,7:13 PM
Fri Nov 8 2024,Los Angeles Clippers,Sacramento Kings,Golden 1 Center,https://statsdmz.nba.com/pdfs/20241108/20241108_LACSAC_book.pdf,7:10 PM
Sat Nov 9 2024,Utah Jazz,San Antonio Spurs,Frost Bank Center,https://statsdmz.nba.com/pdfs/20241109/20241109_UTASAS_book.pdf,4:10 PM
Sat Nov 9 2024,Chicago Bulls,Atlanta Hawks,State Farm Arena,https://statsdmz.nba.com/pdfs/20241109/20241109_CHIATL_book.pdf,7:40 PM
Sat Nov 9 2024,Brooklyn Nets,Cleveland Cavaliers,Rocket Mortgage FieldHouse,https://statsdmz.nba.com/pdfs/20241109/20241109_BKNCLE_book.pdf,7:41 PM
Sat Nov 9 2024,Toronto Raptors,Los Angeles Clippers,Intuit Dome,https://statsdmz.nba.com/pdfs/20241109/20241109_TORLAC_book.pdf,7:42 PM
Sun Nov 10 2024,Houston Rockets,Detroit Pistons,Little Caesars Arena,https://statsdmz.nba.com/pdfs/20241110/20241110_HOUDET_book.pdf,3:10 PM
Sun Nov 10 2024,Boston Celtics,Milwaukee Bucks,Fiserv Forum,https://statsdmz.nba.com/pdfs/20241110/20241110_BOSMIL_book.pdf,2:40 PM
Sun Nov 10 2024,New York Knicks,Indiana Pacers,Gainbridge Fieldhouse,https://statsdmz.nba.com/pdfs/20241110/20241110_NYKIND_book.pdf,5:10 PM
Sun Nov 10 2024,Washington Wizards,Orlando Magic,Kia Center,https://statsdmz.nba.com/pdfs/20241110/20241110_WASORL_book.pdf,6:10 PM
Sun Nov 10 2024,Miami Heat,Minnesota Timberwolves,Target Center,https://statsdmz.nba.com/pdfs/20241110/20241110_MIAMIN_book.pdf,6:10 PM
Sun Nov 10 2024,Golden State Warriors,Oklahoma City Thunder,Paycom Center,https://statsdmz.nba.com/pdfs/20241110/20241110_GSWOKC_book.pdf,6:11 PM
Sun Nov 10 2024,Charlotte Hornets,Philadelphia 76ers,Wells Fargo Center,https://statsdmz.nba.com/pdfs/20241110/20241110_CHAPHI_book.pdf,7:10 PM
Sun Nov 10 2024,Dallas Mavericks,Denver Nuggets,Ball Arena,https://statsdmz.nba.com/pdfs/20241110/20241110_DALDEN_book.pdf,6:10 PM
Sun Nov 10 2024,Sacramento Kings,Phoenix Suns,Footprint Center,https://statsdmz.nba.com/pdfs/20241110/20241110_SACPHX_book.pdf,6:10 PM
Sun Nov 10 2024,Memphis Grizzlies,Portland Trail Blazers,Moda Center,https://statsdmz.nba.com/pdfs/20241110/20241110_MEMPOR_book.pdf,6:14 PM
Sun Nov 10 2024,Toronto Raptors,Los Angeles Lakers,Crypto.com Arena,https://statsdmz.nba.com/pdfs/20241110/20241110_TORLAL_book.pdf,6:42 PM
Mon Nov 11 2024,Cleveland Cavaliers,Chicago Bulls,United Center,https://statsdmz.nba.com/pdfs/20241111/20241111_CLECHI_book.pdf,7:10 PM
Mon Nov 11 2024,Washington Wizards,Houston Rockets,Toyota Center,https://statsdmz.nba.com/pdfs/20241111/20241111_WASHOU_book.pdf,7:11 PM
Mon Nov 11 2024,Brooklyn Nets,New Orleans Pelicans,Smoothie King Center,https://statsdmz.nba.com/pdfs/20241111/20241111_BKNNOP_book.pdf,7:10 PM
Mon Nov 11 2024,Los Angeles Clippers,Oklahoma City Thunder,Paycom Center,https://statsdmz.nba.com/pdfs/20241111/20241111_LACOKC_book.pdf,7:11 PM
Mon Nov 11 2024,Sacramento Kings,San Antonio Spurs,Frost Bank Center,https://statsdmz.nba.com/pdfs/20241111/20241111_SACSAS_book.pdf,7:10 PM
Tue Nov 12 2024,Atlanta Hawks,Boston Celtics,TD Garden,https://statsdmz.nba.com/pdfs/20241112/20241112_ATLBOS_book.pdf,7:10 PM
Tue Nov 12 2024,Miami Heat,Detroit Pistons,Little Caesars Arena,https://statsdmz.nba.com/pdfs/20241112/20241112_MIADET_book.pdf,7:10 PM
Tue Nov 12 2024,Charlotte Hornets,Orlando Magic,Kia Center,https://statsdmz.nba.com/pdfs/20241112/20241112_CHAORL_book.pdf,7:10 PM
Tue Nov 12 2024,New York Knicks,Philadelphia 76ers,Wells Fargo Center,https://statsdmz.nba.com/pdfs/20241112/20241112_NYKPHI_book.pdf,7:36 PM
Tue Nov 12 2024,Toronto Raptors,Milwaukee Bucks,Fiserv Forum,https://statsdmz.nba.com/pdfs/20241112/20241112_TORMIL_book.pdf,7:12 PM
Tue Nov 12 2024,Phoenix Suns,Utah Jazz,Delta Center,https://statsdmz.nba.com/pdfs/20241112/20241112_PHXUTA_book.pdf,7:10 PM
Tue Nov 12 2024,Dallas Mavericks,Golden State Warriors,Chase Center,https://statsdmz.nba.com/pdfs/20241112/20241112_DALGSW_book.pdf,7:16 PM
Tue Nov 12 2024,Minnesota Timberwolves,Portland Trail Blazers,Moda Center,https://statsdmz.nba.com/pdfs/20241112/20241112_MINPOR_book.pdf,7:11 PM
Wed Nov 13 2024,Indiana Pacers,Orlando Magic,Kia Center,https://statsdmz.nba.com/pdfs/20241113/20241113_INDORL_book.pdf,7:10 PM
Wed Nov 13 2024,Boston Celtics,Brooklyn Nets,Barclays Center,https://statsdmz.nba.com/pdfs/20241113/20241113_BOSBKN_book.pdf,7:41 PM
Wed Nov 13 2024,Chicago Bulls,New York Knicks,Madison Square Garden,https://statsdmz.nba.com/pdfs/20241113/20241113_CHINYK_book.pdf,7:41 PM
Wed Nov 13 2024,New Orleans Pelicans,Oklahoma City Thunder,Paycom Center,https://statsdmz.nba.com/pdfs/20241113/20241113_NOPOKC_book.pdf,6:43 PM
Wed Nov 13 2024,Cleveland Cavaliers,Philadelphia 76ers,Wells Fargo Center,https://statsdmz.nba.com/pdfs/20241113/20241113_CLEPHI_book.pdf,7:40 PM
Wed Nov 13 2024,Los Angeles Clippers,Houston Rockets,Toyota Center,https://statsdmz.nba.com/pdfs/20241113/20241113_LACHOU_book.pdf,7:11 PM
Wed Nov 13 2024,Detroit Pistons,Milwaukee Bucks,Fiserv Forum,https://statsdmz.nba.com/pdfs/20241113/20241113_DETMIL_book.pdf,7:10 PM
Wed Nov 13 2024,Washington Wizards,San Antonio Spurs,Frost Bank Center,https://statsdmz.nba.com/pdfs/20241113/20241113_WASSAS_book.pdf,7:10 PM
Wed Nov 13 2024,Memphis Grizzlies,Los Angeles Lakers,Crypto.com Arena,https://statsdmz.nba.com/pdfs/20241113/20241113_MEMLAL_book.pdf,7:13 PM
Wed Nov 13 2024,Minnesota Timberwolves,Portland Trail Blazers,Moda Center,https://statsdmz.nba.com/pdfs/20241113/20241113_MINPOR_book.pdf,7:11 PM
Wed Nov 13 2024,Phoenix Suns,Sacramento Kings,Golden 1 Center,https://statsdmz.nba.com/pdfs/20241113/20241113_PHXSAC_book.pdf,7:10 PM
Thu Nov 14 2024,Dallas Mavericks,Utah Jazz,Delta Center,https://statsdmz.nba.com/pdfs/20241114/20241114_DALUTA_book.pdf,7:10 PM
Fri Nov 15 2024,Miami Heat,Indiana Pacers,Gainbridge Fieldhouse,https://statsdmz.nba.com/pdfs/20241115/20241115_MIAIND_book.pdf,7:10 PM
Fri Nov 15 2024,Philadelphia 76ers,Orlando Magic,Kia Center,https://statsdmz.nba.com/pdfs/20241115/20241115_PHIORL_book.pdf,7:11 PM
Fri Nov 15 2024,Detroit Pistons,Toronto Raptors,Scotiabank Arena,https://statsdmz.nba.com/pdfs/20241115/20241115_DETTOR_book.pdf,7:12 PM
Fri Nov 15 2024,Washington Wizards,Atlanta Hawks,State Farm Arena,https://statsdmz.nba.com/pdfs/20241115/20241115_WASATL_book.pdf,7:40 PM
Fri Nov 15 2024,Chicago Bulls,Cleveland Cavaliers,Rocket Mortgage FieldHouse,https://statsdmz.nba.com/pdfs/20241115/20241115_CHICLE_book.pdf,7:40 PM
Fri Nov 15 2024,Brooklyn Nets,New York Knicks,Madison Square Garden,https://statsdmz.nba.com/pdfs/20241115/20241115_BKNNYK_book.pdf,7:41 PM
Fri Nov 15 2024,Los Angeles Lakers,San Antonio Spurs,Frost Bank Center,https://statsdmz.nba.com/pdfs/20241115/20241115_LALSAS_book.pdf,6:43 PM
Fri Nov 15 2024,Los Angeles Clippers,Houston Rockets,Toyota Center,https://statsdmz.nba.com/pdfs/20241115/20241115_LACHOU_book.pdf,7:11 PM
Fri Nov 15 2024,Denver Nuggets,New Orleans Pelicans,Smoothie King Center,https://statsdmz.nba.com/pdfs/20241115/20241115_DENNOP_book.pdf,7:10 PM
Fri Nov 15 2024,Phoenix Suns,Oklahoma City Thunder,Paycom Center,https://statsdmz.nba.com/pdfs/20241115/20241115_PHXOKC_book.pdf,7:10 PM
Fri Nov 15 2024,Memphis Grizzlies,Golden State Warriors,Chase Center,https://statsdmz.nba.com/pdfs/20241115/20241115_MEMGSW_book.pdf,7:14 PM
Fri Nov 15 2024,Minnesota Timberwolves,Sacramento Kings,Golden 1 Center,https://statsdmz.nba.com/pdfs/20241115/20241115_MINSAC_book.pdf,7:11 PM
Sat Nov 16 2024,Milwaukee Bucks,Charlotte Hornets,Spectrum Center,https://statsdmz.nba.com/pdfs/20241116/20241116_MILCHA_book.pdf,3:10 PM
Sat Nov 16 2024,Toronto Raptors,Boston Celtics,TD Garden,https://statsdmz.nba.com/pdfs/20241116/20241116_TORBOS_book.pdf,8:11 PM
Sat Nov 16 2024,Los Angeles Lakers,New Orleans Pelicans,Smoothie King Center,https://statsdmz.nba.com/pdfs/20241116/20241116_LALNOP_book.pdf,7:10 PM
Sat Nov 16 2024,San Antonio Spurs,Dallas Mavericks,American Airlines Center,https://statsdmz.nba.com/pdfs/20241116/20241116_SASDAL_book.pdf,7:40 PM
Sat Nov 16 2024,Utah Jazz,Sacramento Kings,Golden 1 Center,https://statsdmz.nba.com/pdfs/20241116/20241116_UTASAC_book.pdf,7:10 PM
Sun Nov 17 2024,Phoenix Suns,Minnesota Timberwolves,Target Center,https://statsdmz.nba.com/pdfs/20241117/20241117_PHXMIN_book.pdf,2:42 PM
Sun Nov 17 2024,Miami Heat,Indiana Pacers,Gainbridge Fieldhouse,https://statsdmz.nba.com/pdfs/20241117/20241117_MIAIND_book.pdf,5:11 PM
Sun Nov 17 2024,Charlotte Hornets,Cleveland Cavaliers,Rocket Mortgage FieldHouse,https://statsdmz.nba.com/pdfs/20241117/20241117_CHACLE_book.pdf,6:11 PM
Sun Nov 17 2024,Denver Nuggets,Memphis Grizzlies,FedExForum,https://statsdmz.nba.com/pdfs/20241117/20241117_DENMEM_book.pdf,5:10 PM
Sun Nov 17 2024,Atlanta Hawks,Portland Trail Blazers,Moda Center,https://statsdmz.nba.com/pdfs/20241117/20241117_ATLPOR_book.pdf,3:11 PM
Sun Nov 17 2024,Detroit Pistons,Washington Wizards,Capital One Arena,https://statsdmz.nba.com/pdfs/20241117/20241117_DETWAS_book.pdf,6:10 PM
Sun Nov 17 2024,Houston Rockets,Chicago Bulls,United Center,https://statsdmz.nba.com/pdfs/20241117/20241117_HOUCHI_book.pdf,6:10 PM
Sun Nov 17 2024,Brooklyn Nets,New York Knicks,Madison Square Garden,https://statsdmz.nba.com/pdfs/20241117/20241117_BKNNYK_book.pdf,7:12 PM
Sun Nov 17 2024,Dallas Mavericks,Oklahoma City Thunder,Paycom Center,https://statsdmz.nba.com/pdfs/20241117/20241117_DALOKC_book.pdf,6:10 PM
Sun Nov 17 2024,Utah Jazz,Los Angeles Clippers,Intuit Dome,https://statsdmz.nba.com/pdfs/20241117/20241117_UTALAC_book.pdf,6:10 PM
Mon Nov 18 2024,Chicago Bulls,Detroit Pistons,Little Caesars Arena,https://statsdmz.nba.com/pdfs/20241118/20241118_CHIDET_book.pdf,7:12 PM
Mon Nov 18 2024,Philadelphia 76ers,Miami Heat,Kaseya Center,https://statsdmz.nba.com/pdfs/20241118/20241118_PHIMIA_book.pdf,7:42 PM
Mon Nov 18 2024,Washington Wizards,New York Knicks,Madison Square Garden,https://statsdmz.nba.com/pdfs/20241118/20241118_WASNYK_book.pdf,7:41 PM
Mon Nov 18 2024,Indiana Pacers,Toronto Raptors,Scotiabank Arena,https://statsdmz.nba.com/pdfs/20241118/20241118_INDTOR_book.pdf,7:42 PM
Mon Nov 18 2024,Houston Rockets,Milwaukee Bucks,Fiserv Forum,https://statsdmz.nba.com/pdfs/20241118/20241118_HOUMIL_book.pdf,7:10 PM
Mon Nov 18 2024,Orlando Magic,Phoenix Suns,Footprint Center,https://statsdmz.nba.com/pdfs/20241118/20241118_ORLPHX_book.pdf,7:10 PM
Mon Nov 18 2024,Atlanta Hawks,Sacramento Kings,Golden 1 Center,https://statsdmz.nba.com/pdfs/20241118/20241118_ATLSAC_book.pdf,7:10 PM
Mon Nov 18 2024,Golden State Warriors,Los Angeles Clippers,Intuit Dome,https://statsdmz.nba.com/pdfs/20241118/20241118_GSWLAC_book.pdf,7:40 PM
Tue Nov 19 2024,Cleveland Cavaliers,Boston Celtics,TD Garden,https://statsdmz.nba.com/pdfs/20241119/20241119_CLEBOS_book.pdf,7:05 PM
Tue Nov 19 2024,Charlotte Hornets,Brooklyn Nets,Barclays Center,https://statsdmz.nba.com/pdfs/20241119/20241119_CHABKN_book.pdf,7:41 PM
Tue Nov 19 2024,Denver Nuggets,Memphis Grizzlies,FedExForum,https://statsdmz.nba.com/pdfs/20241119/20241119_DENMEM_book.pdf,7:10 PM
Tue Nov 19 2024,New Orleans Pelicans,Dallas Mavericks,American Airlines Center,https://statsdmz.nba.com/pdfs/20241119/20241119_NOPDAL_book.pdf,7:41 PM
Tue Nov 19 2024,Oklahoma City Thunder,San Antonio Spurs,Frost Bank Center,https://statsdmz.nba.com/pdfs/20241119/20241119_OKCSAS_book.pdf,8:35 PM
Tue Nov 19 2024,Utah Jazz,Los Angeles Lakers,Crypto.com Arena,https://statsdmz.nba.com/pdfs/20241119/20241119_UTALAL_book.pdf,7:41 PM
Wed Nov 20 2024,New Orleans Pelicans,Cleveland Cavaliers,Rocket Mortgage FieldHouse,https://statsdmz.nba.com/pdfs/20241120/20241120_NOPCLE_book.pdf,7:40 PM
Wed Nov 20 2024,Chicago Bulls,Milwaukee Bucks,Fiserv Forum,https://statsdmz.nba.com/pdfs/20241120/20241120_CHIMIL_book.pdf,6:43 PM
Wed Nov 20 2024,Indiana Pacers,Houston Rockets,Toyota Center,https://statsdmz.nba.com/pdfs/20241120/20241120_INDHOU_book.pdf,7:10 PM
Wed Nov 20 2024,Philadelphia 76ers,Memphis Grizzlies,FedExForum,https://statsdmz.nba.com/pdfs/20241120/20241120_PHIMEM_book.pdf,7:10 PM
Wed Nov 20 2024,Portland Trail Blazers,Oklahoma City Thunder,Paycom Center,https://statsdmz.nba.com/pdfs/20241120/20241120_POROKC_book.pdf,7:11 PM
Wed Nov 20 2024,Atlanta Hawks,Golden State Warriors,Chase Center,https://statsdmz.nba.com/pdfs/20241120/20241120_ATLGSW_book.pdf,7:11 PM
Wed Nov 20 2024,New York Knicks,Phoenix Suns,Footprint Center,https://statsdmz.nba.com/pdfs/20241120/20241120_NYKPHX_book.pdf,8:13 PM
Wed Nov 20 2024,Orlando Magic,Los Angeles Clippers,Intuit Dome,https://statsdmz.nba.com/pdfs/20241120/20241120_ORLLAC_book.pdf,7:40 PM
Thu Nov 21 2024,Detroit Pistons,Charlotte Hornets,Spectrum Center,https://statsdmz.nba.com/pdfs/20241121/20241121_DETCHA_book.pdf,7:10 PM
Thu Nov 21 2024,Minnesota Timberwolves,Toronto Raptors,Scotiabank Arena,https://statsdmz.nba.com/pdfs/20241121/20241121_MINTOR_book.pdf,7:42 PM
Thu Nov 21 2024,Utah Jazz,San Antonio Spurs,Frost Bank Center,https://statsdmz.nba.com/pdfs/20241121/20241121_UTASAS_book.pdf,7:10 PM
Thu Nov 21 2024,Orlando Magic,Los Angeles Lakers,Crypto.com Arena,https://statsdmz.nba.com/pdfs/20241121/20241121_ORLLAL_book.pdf,7:40 PM
Fri Nov 22 2024,Brooklyn Nets,Philadelphia 76ers,Wells Fargo Center,https://statsdmz.nba.com/pdfs/20241122/20241122_BKNPHI_book.pdf,7:10 PM
Fri Nov 22 2024,Boston Celtics,Washington Wizards,Capital One Arena,https://statsdmz.nba.com/pdfs/20241122/20241122_BOSWAS_book.pdf,7:11 PM
Fri Nov 22 2024,Golden State Warriors,New Orleans Pelicans,Smoothie King Center,https://statsdmz.nba.com/pdfs/20241122/20241122_GSWNOP_book.pdf,6:43 PM
Fri Nov 22 2024,Atlanta Hawks,Chicago Bulls,United Center,https://statsdmz.nba.com/pdfs/20241122/20241122_ATLCHI_book.pdf,7:12 PM
Fri Nov 22 2024,Portland Trail Blazers,Houston Rockets,Toyota Center,https://statsdmz.nba.com/pdfs/20241122/20241122_PORHOU_book.pdf,7:11 PM
Fri Nov 22 2024,Indiana Pacers,Milwaukee Bucks,Fiserv Forum,https://statsdmz.nba.com/pdfs/20241122/20241122_INDMIL_book.pdf,7:11 PM
Fri Nov 22 2024,Dallas Mavericks,Denver Nuggets,Ball Arena,https://statsdmz.nba.com/pdfs/20241122/20241122_DALDEN_book.pdf,8:14 PM
Fri Nov 22 2024,Sacramento Kings,Los Angeles Clippers,Intuit Dome,https://statsdmz.nba.com/pdfs/20241122/20241122_SACLAC_book.pdf,7:40 PM
Sat Nov 23 2024,New York Knicks,Utah Jazz,Delta Center,https://statsdmz.nba.com/pdfs/20241123/20241123_NYKUTA_book.pdf,3:11 PM
Sat Nov 23 2024,Detroit Pistons,Orlando Magic,Kia Center,https://statsdmz.nba.com/pdfs/20241123/20241123_DETORL_book.pdf,7:10 PM
Sat Nov 23 2024,Memphis Grizzlies,Chicago Bulls,United Center,https://statsdmz.nba.com/pdfs/20241123/20241123_MEMCHI_book.pdf,7:10 PM
Sat Nov 23 2024,Portland Trail Blazers,Houston Rockets,Toyota Center,https://statsdmz.nba.com/pdfs/20241123/20241123_PORHOU_book.pdf,7:10 PM
Sat Nov 23 2024,Charlotte Hornets,Milwaukee Bucks,Fiserv Forum,https://statsdmz.nba.com/pdfs/20241123/20241123_CHAMIL_book.pdf,7:11 PM
Sat Nov 23 2024,Golden State Warriors,San Antonio Spurs,Frost Bank Center,https://statsdmz.nba.com/pdfs/20241123/20241123_GSWSAS_book.pdf,7:40 PM
Sat Nov 23 2024,Denver Nuggets,Los Angeles Lakers,Crypto.com Arena,https://statsdmz.nba.com/pdfs/20241123/20241123_DENLAL_book.pdf,7:41 PM
Sun Nov 24 2024,Minnesota Timberwolves,Boston Celtics,TD Garden,https://statsdmz.nba.com/pdfs/20241124/20241124_MINBOS_book.pdf,3:40 PM
Sun Nov 24 2024,Washington Wizards,Indiana Pacers,Gainbridge Fieldhouse,https://statsdmz.nba.com/pdfs/20241124/20241124_WASIND_book.pdf,5:10 PM
Sun Nov 24 2024,Dallas Mavericks,Miami Heat,Kaseya Center,https://statsdmz.nba.com/pdfs/20241124/20241124_DALMIA_book.pdf,6:12 PM
Sun Nov 24 2024,Los Angeles Clippers,Philadelphia 76ers,Wells Fargo Center,https://statsdmz.nba.com/pdfs/20241124/20241124_LACPHI_book.pdf,6:11 PM
Sun Nov 24 2024,Toronto Raptors,Cleveland Cavaliers,Rocket Mortgage FieldHouse,https://statsdmz.nba.com/pdfs/20241124/20241124_TORCLE_book.pdf,7:42 PM
Sun Nov 24 2024,Brooklyn Nets,Sacramento Kings,Golden 1 Center,https://statsdmz.nba.com/pdfs/20241124/20241124_BKNSAC_book.pdf,6:10 PM
Mon Nov 25 2024,Orlando Magic,Charlotte Hornets,Spectrum Center,https://statsdmz.nba.com/pdfs/20241125/20241125_ORLCHA_book.pdf,7:10 PM
Mon Nov 25 2024,Toronto Raptors,Detroit Pistons,Little Caesars Arena,https://statsdmz.nba.com/pdfs/20241125/20241125_TORDET_book.pdf,7:11 PM
Mon Nov 25 2024,New Orleans Pelicans,Indiana Pacers,Gainbridge Fieldhouse,https://statsdmz.nba.com/pdfs/20241125/20241125_NOPIND_book.pdf,7:10 PM
Mon Nov 25 2024,Dallas Mavericks,Atlanta Hawks,State Farm Arena,https://statsdmz.nba.com/pdfs/20241125/20241125_DALATL_book.pdf,7:40 PM
Mon Nov 25 2024,Los Angeles Clippers,Boston Celtics,TD Garden,https://statsdmz.nba.com/pdfs/20241125/20241125_LACBOS_book.pdf,7:41 PM
Mon Nov 25 2024,Portland Trail Blazers,Memphis Grizzlies,FedExForum,https://statsdmz.nba.com/pdfs/20241125/20241125_PORMEM_book.pdf,7:10 PM
Mon Nov 25 2024,New York Knicks,Denver Nuggets,Ball Arena,https://statsdmz.nba.com/pdfs/20241125/20241125_NYKDEN_book.pdf,7:10 PM
Mon Nov 25 2024,Brooklyn Nets,Golden State Warriors,Chase Center,https://statsdmz.nba.com/pdfs/20241125/20241125_BKNGSW_book.pdf,7:11 PM
Mon Nov 25 2024,Oklahoma City Thunder,Sacramento Kings,Golden 1 Center,https://statsdmz.nba.com/pdfs/20241125/20241125_OKCSAC_book.pdf,7:10 PM
Tue Nov 26 2024,Chicago Bulls,Washington Wizards,Capital One Arena,https://statsdmz.nba.com/pdfs/20241126/20241126_CHIWAS_book.pdf,7:10 PM
Tue Nov 26 2024,Milwaukee Bucks,Miami Heat,Kaseya Center,https://statsdmz.nba.com/pdfs/20241126/20241126_MILMIA_book.pdf,7:35 PM
Tue Nov 26 2024,Houston Rockets,Minnesota Timberwolves,Target Center,https://statsdmz.nba.com/pdfs/20241126/20241126_HOUMIN_book.pdf,7:10 PM
Tue Nov 26 2024,San Antonio Spurs,Utah Jazz,Delta Center,https://statsdmz.nba.com/pdfs/20241126/20241126_SASUTA_book.pdf,7:11 PM
Tue Nov 26 2024,Los Angeles Lakers,Phoenix Suns,Footprint Center,https://statsdmz.nba.com/pdfs/20241126/20241126_LALPHX_book.pdf,8:05 PM
Wed Nov 27 2024,Miami Heat,Charlotte Hornets,Spectrum Center,https://statsdmz.nba.com/pdfs/20241127/20241127_MIACHA_book.pdf,7:10 PM
Wed Nov 27 2024,Atlanta Hawks,Cleveland Cavaliers,Rocket Mortgage FieldHouse,https://statsdmz.nba.com/pdfs/20241127/20241127_ATLCLE_book.pdf,7:10 PM
Wed Nov 27 2024,Portland Trail Blazers,Indiana Pacers,Gainbridge Fieldhouse,https://statsdmz.nba.com/pdfs/20241127/20241127_PORIND_book.pdf,7:10 PM
Wed Nov 27 2024,Chicago Bulls,Orlando Magic,Kia Center,https://statsdmz.nba.com/pdfs/20241127/20241127_CHIORL_book.pdf,7:10 PM
Wed Nov 27 2024,Houston Rockets,Philadelphia 76ers,Wells Fargo Center,https://statsdmz.nba.com/pdfs/20241127/20241127_HOUPHI_book.pdf,7:10 PM
Wed Nov 27 2024,Los Angeles Clippers,Washington Wizards,Capital One Arena,https://statsdmz.nba.com/pdfs/20241127/20241127_LACWAS_book.pdf,7:11 PM
Wed Nov 27 2024,New York Knicks,Dallas Mavericks,American Airlines Center,https://statsdmz.nba.com/pdfs/20241127/20241127_NYKDAL_book.pdf,6:44 PM
Wed Nov 27 2024,Detroit Pistons,Memphis Grizzlies,FedExForum,https://statsdmz.nba.com/pdfs/20241127/20241127_DETMEM_book.pdf,7:10 PM
Wed Nov 27 2024,Sacramento Kings,Minnesota Timberwolves,Target Center,https://statsdmz.nba.com/pdfs/20241127/20241127_SACMIN_book.pdf,7:11 PM
Wed Nov 27 2024,Toronto Raptors,New Orleans Pelicans,Smoothie King Center,https://statsdmz.nba.com/pdfs/20241127/20241127_TORNOP_book.pdf,7:12 PM
Wed Nov 27 2024,Los Angeles Lakers,San Antonio Spurs,Frost Bank Center,https://statsdmz.nba.com/pdfs/20241127/20241127_LALSAS_book.pdf,7:41 PM
Wed Nov 27 2024,Brooklyn Nets,Phoenix Suns,Footprint Center,https://statsdmz.nba.com/pdfs/20241127/20241127_BKNPHX_book.pdf,7:10 PM
Wed Nov 27 2024,Denver Nuggets,Utah Jazz,Delta Center,https://statsdmz.nba.com/pdfs/20241127/20241127_DENUTA_book.pdf,7:11 PM
Wed Nov 27 2024,Oklahoma City Thunder,Golden State Warriors,Chase Center,https://statsdmz.nba.com/pdfs/20241127/20241127_OKCGSW_book.pdf,7:13 PM
Fri Nov 29 2024,New York Knicks,Charlotte Hornets,Spectrum Center,https://statsdmz.nba.com/pdfs/20241129/20241129_NYKCHA_book.pdf,12:10 PM
Fri Nov 29 2024,Cleveland Cavaliers,Atlanta Hawks,State Farm Arena,https://statsdmz.nba.com/pdfs/20241129/20241129_CLEATL_book.pdf,2:40 PM
Fri Nov 29 2024,New Orleans Pelicans,Memphis Grizzlies,FedExForum,https://statsdmz.nba.com/pdfs/20241129/20241129_NOPMEM_book.pdf,4:10 PM
Fri Nov 29 2024,Orlando Magic,Brooklyn Nets,Barclays Center,https://statsdmz.nba.com/pdfs/20241129/20241129_ORLBKN_book.pdf,7:41 PM
Fri Nov 29 2024,Los Angeles Clippers,Minnesota Timberwolves,Target Center,https://statsdmz.nba.com/pdfs/20241129/20241129_LACMIN_book.pdf,6:48 PM
Fri Nov 29 2024,Boston Celtics,Chicago Bulls,United Center,https://statsdmz.nba.com/pdfs/20241129/20241129_BOSCHI_book.pdf,7:10 PM
Fri Nov 29 2024,Detroit Pistons,Indiana Pacers,Gainbridge Fieldhouse,https://statsdmz.nba.com/pdfs/20241129/20241129_DETIND_book.pdf,8:10 PM
Fri Nov 29 2024,Toronto Raptors,Miami Heat,Kaseya Center,https://statsdmz.nba.com/pdfs/20241129/20241129_TORMIA_book.pdf,8:13 PM
Fri Nov 29 2024,Oklahoma City Thunder,Los Angeles Lakers,Crypto.com Arena,https://statsdmz.nba.com/pdfs/20241129/20241129_OKCLAL_book.pdf,7:13 PM
Fri Nov 29 2024,Sacramento Kings,Portland Trail Blazers,Moda Center,https://statsdmz.nba.com/pdfs/20241129/20241129_SACPOR_book.pdf,7:12 PM
Sat Nov 30 2024,Atlanta Hawks,Charlotte Hornets,Spectrum Center,https://statsdmz.nba.com/pdfs/20241130/20241130_ATLCHA_book.pdf,6:10 PM
Sat Nov 30 2024,Philadelphia 76ers,Detroit Pistons,Little Caesars Arena,https://statsdmz.nba.com/pdfs/20241130/20241130_PHIDET_book.pdf,7:11 PM
Sat Nov 30 2024,Washington Wizards,Milwaukee Bucks,Fiserv Forum,https://statsdmz.nba.com/pdfs/20241130/20241130_WASMIL_book.pdf,7:10 PM
Sat Nov 30 2024,Golden State Warriors,Phoenix Suns,Footprint Center,https://statsdmz.nba.com/pdfs/20241130/20241130_GSWPHX_book.pdf,7:10 PM
Sat Nov 30 2024,Dallas Mavericks,Utah Jazz,Delta Center,https://statsdmz.nba.com/pdfs/20241130/20241130_DALUTA_book.pdf,7:40 PM
"Sun, Dec 1, 2024",Orlando Magic,Brooklyn Nets,Barclays Center,https://statsdmz.nba.com/pdfs/20241201/20241201_ORLBKN_book.pdf,3:42 PM
"Sun, Dec 1, 2024",Indiana Pacers,Memphis Grizzlies,FedExForum,https://statsdmz.nba.com/pdfs/20241201/20241201_INDMEM_book.pdf,2:40 PM
"Sun, Dec 1, 2024",Boston Celtics,Cleveland Cavaliers,Rocket Mortgage FieldHouse,https://statsdmz.nba.com/pdfs/20241201/20241201_BOSCLE_book.pdf,6:10 PM
"Sun, Dec 1, 2024",New Orleans Pelicans,New York Knicks,Madison Square Garden,https://statsdmz.nba.com/pdfs/20241201/20241201_NOPNYK_book.pdf,6:11 PM
"Sun, Dec 1, 2024",Miami Heat,Toronto Raptors,Scotiabank Arena,https://statsdmz.nba.com/pdfs/20241201/20241201_MIATOR_book.pdf,6:12 PM
"Sun, Dec 1, 2024",Oklahoma City Thunder,Houston Rockets,Toyota Center,https://statsdmz.nba.com/pdfs/20241201/20241201_OKCHOU_book.pdf,6:11 PM
"Sun, Dec 1, 2024",Los Angeles Lakers,Utah Jazz,Delta Center,https://statsdmz.nba.com/pdfs/20241201/20241201_LALUTA_book.pdf,6:11 PM
"Sun, Dec 1, 2024",Dallas Mavericks,Portland Trail Blazers,Moda Center,https://statsdmz.nba.com/pdfs/20241201/20241201_DALPOR_book.pdf,6:11 PM
"Sun, Dec 1, 2024",San Antonio Spurs,Sacramento Kings,Golden 1 Center,https://statsdmz.nba.com/pdfs/20241201/20241201_SASSAC_book.pdf,6:10 PM
"Sun, Dec 1, 2024",Denver Nuggets,Los Angeles Clippers,Intuit Dome,https://statsdmz.nba.com/pdfs/20241201/20241201_DENLAC_book.pdf,7:10 PM
"Mon, Dec 2, 2024",New Orleans Pelicans,Atlanta Hawks,State Farm Arena,https://statsdmz.nba.com/pdfs/20241202/20241202_NOPATL_book.pdf,7:40 PM
"Mon, Dec 2, 2024",Miami Heat,Boston Celtics,TD Garden,https://statsdmz.nba.com/pdfs/20241202/20241202_MIABOS_book.pdf,7:40 PM
"Mon, Dec 2, 2024",Brooklyn Nets,Chicago Bulls,United Center,https://statsdmz.nba.com/pdfs/20241202/20241202_BKNCHI_book.pdf,7:10 PM
"Mon, Dec 2, 2024",Los Angeles Lakers,Minnesota Timberwolves,Target Center,https://statsdmz.nba.com/pdfs/20241202/20241202_LALMIN_book.pdf,7:10 PM
"Tue, Dec 3, 2024",Philadelphia 76ers,Charlotte Hornets,Spectrum Center,https://statsdmz.nba.com/pdfs/20241203/20241203_PHICHA_book.pdf,7:10 PM
"Tue, Dec 3, 2024",Washington Wizards,Cleveland Cavaliers,Rocket Mortgage FieldHouse,https://statsdmz.nba.com/pdfs/20241203/20241203_WASCLE_book.pdf,7:10 PM
"Tue, Dec 3, 2024",Milwaukee Bucks,Detroit Pistons,Little Caesars Arena,https://statsdmz.nba.com/pdfs/20241203/20241203_MILDET_book.pdf,7:11 PM
"Tue, Dec 3, 2024",Orlando Magic,New York Knicks,Madison Square Garden,https://statsdmz.nba.com/pdfs/20241203/20241203_ORLNYK_book.pdf,7:36 PM
"Tue, Dec 3, 2024",Indiana Pacers,Toronto Raptors,Scotiabank Arena,https://statsdmz.nba.com/pdfs/20241203/20241203_INDTOR_book.pdf,7:42 PM
"Tue, Dec 3, 2024",Utah Jazz,Oklahoma City Thunder,Paycom Center,https://statsdmz.nba.com/pdfs/20241203/20241203_UTAOKC_book.pdf,7:11 PM
"Tue, Dec 3, 2024",Memphis Grizzlies,Dallas Mavericks,American Airlines Center,https://statsdmz.nba.com/pdfs/20241203/20241203_MEMDAL_book.pdf,7:41 PM
"Tue, Dec 3, 2024",San Antonio Spurs,Phoenix Suns,Footprint Center,https://statsdmz.nba.com/pdfs/20241203/20241203_SASPHX_book.pdf,7:10 PM
"Tue, Dec 3, 2024",Golden State Warriors,Denver Nuggets,Ball Arena,https://statsdmz.nba.com/pdfs/20241203/20241203_GSWDEN_book.pdf,8:06 PM
"Tue, Dec 3, 2024",Houston Rockets,Sacramento Kings,Golden 1 Center,https://statsdmz.nba.com/pdfs/20241203/20241203_HOUSAC_book.pdf,7:10 PM
"Tue, Dec 3, 2024",Portland Trail Blazers,Los Angeles Clippers,Intuit Dome,https://statsdmz.nba.com/pdfs/20241203/20241203_PORLAC_book.pdf,7:40 PM
"Wed, Dec 4, 2024",Detroit Pistons,Boston Celtics,TD Garden,https://statsdmz.nba.com/pdfs/20241204/20241204_DETBOS_book.pdf,7:40 PM
"Wed, Dec 4, 2024",Indiana Pacers,Brooklyn Nets,Barclays Center,https://statsdmz.nba.com/pdfs/20241204/20241204_INDBKN_book.pdf,7:41 PM
"Wed, Dec 4, 2024",Los Angeles Lakers,Miami Heat,Kaseya Center,https://statsdmz.nba.com/pdfs/20241204/20241204_LALMIA_book.pdf,7:42 PM
"Wed, Dec 4, 2024",Orlando Magic,Philadelphia 76ers,Wells Fargo Center,https://statsdmz.nba.com/pdfs/20241204/20241204_ORLPHI_book.pdf,7:41 PM
"Wed, Dec 4, 2024",Atlanta Hawks,Milwaukee Bucks,Fiserv Forum,https://statsdmz.nba.com/pdfs/20241204/20241204_ATLMIL_book.pdf,7:11 PM
"Wed, Dec 4, 2024",Minnesota Timberwolves,Los Angeles Clippers,Intuit Dome,https://statsdmz.nba.com/pdfs/20241204/20241204_MINLAC_book.pdf,7:40 PM
"Thu, Dec 5, 2024",Denver Nuggets,Cleveland Cavaliers,Rocket Mortgage FieldHouse,https://statsdmz.nba.com/pdfs/20241205/20241205_DENCLE_book.pdf,7:10 PM
"Thu, Dec 5, 2024",Dallas Mavericks,Washington Wizards,Capital One Arena,https://statsdmz.nba.com/pdfs/20241205/20241205_DALWAS_book.pdf,7:11 PM
"Thu, Dec 5, 2024",Charlotte Hornets,New York Knicks,Madison Square Garden,https://statsdmz.nba.com/pdfs/20241205/20241205_CHANYK_book.pdf,7:43 PM
"Thu, Dec 5, 2024",Oklahoma City Thunder,Toronto Raptors,Scotiabank Arena,https://statsdmz.nba.com/pdfs/20241205/20241205_OKCTOR_book.pdf,7:42 PM
"Thu, Dec 5, 2024",Sacramento Kings,Memphis Grizzlies,FedExForum,https://statsdmz.nba.com/pdfs/20241205/20241205_SACMEM_book.pdf,7:10 PM
"Thu, Dec 5, 2024",Phoenix Suns,New Orleans Pelicans,Smoothie King Center,https://statsdmz.nba.com/pdfs/20241205/20241205_PHXNOP_book.pdf,7:10 PM
"Thu, Dec 5, 2024",Chicago Bulls,San Antonio Spurs,Frost Bank Center,https://statsdmz.nba.com/pdfs/20241205/20241205_CHISAS_book.pdf,7:10 PM
"Thu, Dec 5, 2024",Houston Rockets,Golden State Warriors,Chase Center,https://statsdmz.nba.com/pdfs/20241205/20241205_HOUGSW_book.pdf,7:10 PM
"Fri, Dec 6, 2024",Orlando Magic,Philadelphia 76ers,Wells Fargo Center,https://statsdmz.nba.com/pdfs/20241206/20241206_ORLPHI_book.pdf,7:11 PM
"Fri, Dec 6, 2024",Los Angeles Lakers,Atlanta Hawks,State Farm Arena,https://statsdmz.nba.com/pdfs/20241206/20241206_LALATL_book.pdf,7:40 PM
"Fri, Dec 6, 2024",Milwaukee Bucks,Boston Celtics,TD Garden,https://statsdmz.nba.com/pdfs/20241206/20241206_MILBOS_book.pdf,7:43 PM
"Fri, Dec 6, 2024",Indiana Pacers,Chicago Bulls,United Center,https://statsdmz.nba.com/pdfs/20241206/20241206_INDCHI_book.pdf,7:10 PM
"Fri, Dec 6, 2024",Sacramento Kings,San Antonio Spurs,Frost Bank Center,https://statsdmz.nba.com/pdfs/20241206/20241206_SACSAS_book.pdf,7:10 PM
"Fri, Dec 6, 2024",Minnesota Timberwolves,Golden State Warriors,Chase Center,https://statsdmz.nba.com/pdfs/20241206/20241206_MINGSW_book.pdf,7:14 PM
"Fri, Dec 6, 2024",Utah Jazz,Portland Trail Blazers,Moda Center,https://statsdmz.nba.com/pdfs/20241206/20241206_UTAPOR_book.pdf,7:11 PM
"Sat, Dec 7, 2024",Cleveland Cavaliers,Charlotte Hornets,Spectrum Center,https://statsdmz.nba.com/pdfs/20241207/20241207_CLECHA_book.pdf,1:10 PM
"Sat, Dec 7, 2024",Oklahoma City Thunder,New Orleans Pelicans,Smoothie King Center,https://statsdmz.nba.com/pdfs/20241207/20241207_OKCNOP_book.pdf,6:10 PM
"Sat, Dec 7, 2024",Denver Nuggets,Washington Wizards,Capital One Arena,https://statsdmz.nba.com/pdfs/20241207/20241207_DENWAS_book.pdf,7:10 PM
"Sat, Dec 7, 2024",Detroit Pistons,New York Knicks,Madison Square Garden,https://statsdmz.nba.com/pdfs/20241207/20241207_DETNYK_book.pdf,7:42 PM
"Sat, Dec 7, 2024",Dallas Mavericks,Toronto Raptors,Scotiabank Arena,https://statsdmz.nba.com/pdfs/20241207/20241207_DALTOR_book.pdf,7:42 PM
"Sat, Dec 7, 2024",Memphis Grizzlies,Boston Celtics,TD Garden,https://statsdmz.nba.com/pdfs/20241207/20241207_MEMBOS_book.pdf,8:10 PM
"Sat, Dec 7, 2024",Phoenix Suns,Miami Heat,Kaseya Center,https://statsdmz.nba.com/pdfs/20241207/20241207_PHXMIA_book.pdf,8:12 PM
"Sun, Dec 8, 2024",Philadelphia 76ers,Chicago Bulls,United Center,https://statsdmz.nba.com/pdfs/20241208/20241208_PHICHI_book.pdf,12:10 PM
"Sun, Dec 8, 2024",Milwaukee Bucks,Brooklyn Nets,Barclays Center,https://statsdmz.nba.com/pdfs/20241208/20241208_MILBKN_book.pdf,3:41 PM
"Sun, Dec 8, 2024",Charlotte Hornets,Indiana Pacers,Gainbridge Fieldhouse,https://statsdmz.nba.com/pdfs/20241208/20241208_CHAIND_book.pdf,5:10 PM
"Sun, Dec 8, 2024",Denver Nuggets,Atlanta Hawks,State Farm Arena,https://statsdmz.nba.com/pdfs/20241208/20241208_DENATL_book.pdf,6:10 PM
"Sun, Dec 8, 2024",Cleveland Cavaliers,Miami Heat,Kaseya Center,https://statsdmz.nba.com/pdfs/20241208/20241208_CLEMIA_book.pdf,6:12 PM
"Sun, Dec 8, 2024",Phoenix Suns,Orlando Magic,Kia Center,https://statsdmz.nba.com/pdfs/20241208/20241208_PHXORL_book.pdf,6:40 PM
"Sun, Dec 8, 2024",New Orleans Pelicans,San Antonio Spurs,Frost Bank Center,https://statsdmz.nba.com/pdfs/20241208/20241208_NOPSAS_book.pdf,6:10 PM
"Sun, Dec 8, 2024",Memphis Grizzlies,Washington Wizards,Capital One Arena,https://statsdmz.nba.com/pdfs/20241208/20241208_MEMWAS_book.pdf,7:10 PM
"Sun, Dec 8, 2024",Minnesota Timberwolves,Golden State Warriors,Chase Center,https://statsdmz.nba.com/pdfs/20241208/20241208_MINGSW_book.pdf,5:41 PM
"Sun, Dec 8, 2024",Houston Rockets,Los Angeles Clippers,Intuit Dome,https://statsdmz.nba.com/pdfs/20241208/20241208_HOULAC_book.pdf,6:10 PM
"Sun, Dec 8, 2024",Utah Jazz,Sacramento Kings,Golden 1 Center,https://statsdmz.nba.com/pdfs/20241208/20241208_UTASAC_book.pdf,6:10 PM
"Sun, Dec 8, 2024",Portland Trail Blazers,Los Angeles Lakers,Crypto.com Arena,https://statsdmz.nba.com/pdfs/20241208/20241208_PORLAL_book.pdf,6:40 PM
"Mon, Dec 9, 2024",New York Knicks,Toronto Raptors,Scotiabank Arena,https://statsdmz.nba.com/pdfs/20241209/20241209_NYKTOR_book.pdf,7:42 PM
"Tue, Dec 10, 2024",Orlando Magic,Milwaukee Bucks,Fiserv Forum,https://statsdmz.nba.com/pdfs/20241210/20241210_ORLMIL_book.pdf,6:06 PM
"Tue, Dec 10, 2024",Dallas Mavericks,Oklahoma City Thunder,Paycom Center,https://statsdmz.nba.com/pdfs/20241210/20241210_DALOKC_book.pdf,8:37 PM
"Wed, Dec 11, 2024",Atlanta Hawks,New York Knicks,Madison Square Garden,https://statsdmz.nba.com/pdfs/20241211/20241211_ATLNYK_book.pdf,7:14 PM
"Wed, Dec 11, 2024",Golden State Warriors,Houston Rockets,Toyota Center,https://statsdmz.nba.com/pdfs/20241211/20241211_GSWHOU_book.pdf,8:53 PM
"Thu, Dec 12, 2024",Detroit Pistons,Boston Celtics,TD Garden,https://statsdmz.nba.com/pdfs/20241212/20241212_DETBOS_book.pdf,7:40 PM
"Thu, Dec 12, 2024",Toronto Raptors,Miami Heat,Kaseya Center,https://statsdmz.nba.com/pdfs/20241212/20241212_TORMIA_book.pdf,7:43 PM
"Thu, Dec 12, 2024",Sacramento Kings,New Orleans Pelicans,Smoothie King Center,https://statsdmz.nba.com/pdfs/20241212/20241212_SACNOP_book.pdf,7:10 PM
"Fri, Dec 13, 2024",Washington Wizards,Cleveland Cavaliers,Rocket Mortgage FieldHouse,https://statsdmz.nba.com/pdfs/20241213/20241213_WASCLE_book.pdf,7:10 PM
"Fri, Dec 13, 2024",Indiana Pacers,Philadelphia 76ers,Wells Fargo Center,https://statsdmz.nba.com/pdfs/20241213/20241213_INDPHI_book.pdf,7:10 PM
"Fri, Dec 13, 2024",Charlotte Hornets,Chicago Bulls,United Center,https://statsdmz.nba.com/pdfs/20241213/20241213_CHACHI_book.pdf,7:10 PM
"Fri, Dec 13, 2024",Brooklyn Nets,Memphis Grizzlies,FedExForum,https://statsdmz.nba.com/pdfs/20241213/20241213_BKNMEM_book.pdf,7:11 PM
"Fri, Dec 13, 2024",Los Angeles Lakers,Minnesota Timberwolves,Target Center,https://statsdmz.nba.com/pdfs/20241213/20241213_LALMIN_book.pdf,7:10 PM
"Fri, Dec 13, 2024",Los Angeles Clippers,Denver Nuggets,Ball Arena,https://statsdmz.nba.com/pdfs/20241213/20241213_LACDEN_book.pdf,7:11 PM
"Fri, Dec 13, 2024",Phoenix Suns,Utah Jazz,Delta Center,https://statsdmz.nba.com/pdfs/20241213/20241213_PHXUTA_book.pdf,7:40 PM
"Fri, Dec 13, 2024",San Antonio Spurs,Portland Trail Blazers,Moda Center,https://statsdmz.nba.com/pdfs/20241213/20241213_SASPOR_book.pdf,7:12 PM
"Sat, Dec 14, 2024",Atlanta Hawks,Milwaukee Bucks,Fiserv Forum,https://statsdmz.nba.com/pdfs/20241214/20241214_ATLMIL_book.pdf,1:36 PM
"Sat, Dec 14, 2024",Houston Rockets,Oklahoma City Thunder,Paycom Center,https://statsdmz.nba.com/pdfs/20241214/20241214_HOUOKC_book.pdf,5:50 PM
"Sun, Dec 15, 2024",New Orleans Pelicans,Indiana Pacers,Gainbridge Fieldhouse,https://statsdmz.nba.com/pdfs/20241215/20241215_NOPIND_book.pdf,5:10 PM
"Sun, Dec 15, 2024",New York Knicks,Orlando Magic,Kia Center,https://statsdmz.nba.com/pdfs/20241215/20241215_NYKORL_book.pdf,6:10 PM
"Sun, Dec 15, 2024",Boston Celtics,Washington Wizards,Capital One Arena,https://statsdmz.nba.com/pdfs/20241215/20241215_BOSWAS_book.pdf,6:12 PM
"Sun, Dec 15, 2024",Minnesota Timberwolves,San Antonio Spurs,Frost Bank Center,https://statsdmz.nba.com/pdfs/20241215/20241215_MINSAS_book.pdf,6:10 PM
"Sun, Dec 15, 2024",Portland Trail Blazers,Phoenix Suns,Footprint Center,https://statsdmz.nba.com/pdfs/20241215/20241215_PORPHX_book.pdf,6:10 PM
"Sun, Dec 15, 2024",Dallas Mavericks,Golden State Warriors,Chase Center,https://statsdmz.nba.com/pdfs/20241215/20241215_DALGSW_book.pdf,5:40 PM
"Sun, Dec 15, 2024",Memphis Grizzlies,Los Angeles Lakers,Crypto.com Arena,https://statsdmz.nba.com/pdfs/20241215/20241215_MEMLAL_book.pdf,6:40 PM
"Mon, Dec 16, 2024",Philadelphia 76ers,Charlotte Hornets,Spectrum Center,https://statsdmz.nba.com/pdfs/20241216/20241216_PHICHA_book.pdf,7:10 PM
"Mon, Dec 16, 2024",Miami Heat,Detroit Pistons,Little Caesars Arena,https://statsdmz.nba.com/pdfs/20241216/20241216_MIADET_book.pdf,7:11 PM
"Mon, Dec 16, 2024",Cleveland Cavaliers,Brooklyn Nets,Barclays Center,https://statsdmz.nba.com/pdfs/20241216/20241216_CLEBKN_book.pdf,7:41 PM
"Mon, Dec 16, 2024",Chicago Bulls,Toronto Raptors,Scotiabank Arena,https://statsdmz.nba.com/pdfs/20241216/20241216_CHITOR_book.pdf,7:42 PM
"Mon, Dec 16, 2024",Denver Nuggets,Sacramento Kings,Golden 1 Center,https://statsdmz.nba.com/pdfs/20241216/20241216_DENSAC_book.pdf,7:10 PM
"Mon, Dec 16, 2024",Utah Jazz,Los Angeles Clippers,Intuit Dome,https://statsdmz.nba.com/pdfs/20241216/20241216_UTALAC_book.pdf,7:40 PM
"Tue, Dec 17, 2024",Milwaukee Bucks,Oklahoma City Thunder,Paycom Center,https://statsdmz.nba.com/pdfs/20241217/20241217_MILOKC_book.pdf,5:41 PM
"Thu, Dec 19, 2024",Utah Jazz,Detroit Pistons,Little Caesars Arena,https://statsdmz.nba.com/pdfs/20241219/20241219_UTADET_book.pdf,7:10 PM
"Thu, Dec 19, 2024",Oklahoma City Thunder,Orlando Magic,Kia Center,https://statsdmz.nba.com/pdfs/20241219/20241219_OKCORL_book.pdf,7:05 PM
"Thu, Dec 19, 2024",Charlotte Hornets,Washington Wizards,Capital One Arena,https://statsdmz.nba.com/pdfs/20241219/20241219_CHAWAS_book.pdf,7:10 PM
"Thu, Dec 19, 2024",Chicago Bulls,Boston Celtics,TD Garden,https://statsdmz.nba.com/pdfs/20241219/20241219_CHIBOS_book.pdf,7:41 PM
"Thu, Dec 19, 2024",Brooklyn Nets,Toronto Raptors,Scotiabank Arena,https://statsdmz.nba.com/pdfs/20241219/20241219_BKNTOR_book.pdf,7:42 PM
"Thu, Dec 19, 2024",New Orleans Pelicans,Houston Rockets,Toyota Center,https://statsdmz.nba.com/pdfs/20241219/20241219_NOPHOU_book.pdf,7:11 PM
"Thu, Dec 19, 2024",Golden State Warriors,Memphis Grizzlies,FedExForum,https://statsdmz.nba.com/pdfs/20241219/20241219_GSWMEM_book.pdf,7:10 PM
"Thu, Dec 19, 2024",Atlanta Hawks,San Antonio Spurs,Frost Bank Center,https://statsdmz.nba.com/pdfs/20241219/20241219_ATLSAS_book.pdf,7:10 PM
"Thu, Dec 19, 2024",Los Angeles Clippers,Dallas Mavericks,American Airlines Center,https://statsdmz.nba.com/pdfs/20241219/20241219_LACDAL_book.pdf,7:40 PM
"Thu, Dec 19, 2024",Indiana Pacers,Phoenix Suns,Footprint Center,https://statsdmz.nba.com/pdfs/20241219/20241219_INDPHX_book.pdf,7:10 PM
"Thu, Dec 19, 2024",New York Knicks,Minnesota Timberwolves,Target Center,https://statsdmz.nba.com/pdfs/20241219/20241219_NYKMIN_book.pdf,8:40 PM
"Thu, Dec 19, 2024",Denver Nuggets,Portland Trail Blazers,Moda Center,https://statsdmz.nba.com/pdfs/20241219/20241219_DENPOR_book.pdf,7:12 PM
"Thu, Dec 19, 2024",Los Angeles Lakers,Sacramento Kings,Golden 1 Center,https://statsdmz.nba.com/pdfs/20241219/20241219_LALSAC_book.pdf,7:10 PM
"Fri, Dec 20, 2024",Charlotte Hornets,Philadelphia 76ers,Wells Fargo Center,https://statsdmz.nba.com/pdfs/20241220/20241220_CHAPHI_book.pdf,7:10 PM
"Fri, Dec 20, 2024",Milwaukee Bucks,Cleveland Cavaliers,Rocket Mortgage FieldHouse,https://statsdmz.nba.com/pdfs/20241220/20241220_MILCLE_book.pdf,7:41 PM
"Fri, Dec 20, 2024",Oklahoma City Thunder,Miami Heat,Kaseya Center,https://statsdmz.nba.com/pdfs/20241220/20241220_OKCMIA_book.pdf,8:12 PM
"Sat, Dec 21, 2024",Los Angeles Lakers,Sacramento Kings,Golden 1 Center,https://statsdmz.nba.com/pdfs/20241221/20241221_LALSAC_book.pdf,3:10 PM
"Sat, Dec 21, 2024",Miami Heat,Orlando Magic,Kia Center,https://statsdmz.nba.com/pdfs/20241221/20241221_MIAORL_book.pdf,7:10 PM
"Sat, Dec 21, 2024",Memphis Grizzlies,Atlanta Hawks,State Farm Arena,https://statsdmz.nba.com/pdfs/20241221/20241221_MEMATL_book.pdf,7:40 PM
"Sat, Dec 21, 2024",Utah Jazz,Brooklyn Nets,Barclays Center,https://statsdmz.nba.com/pdfs/20241221/20241221_UTABKN_book.pdf,7:41 PM
"Sat, Dec 21, 2024",Boston Celtics,Chicago Bulls,United Center,https://statsdmz.nba.com/pdfs/20241221/20241221_BOSCHI_book.pdf,7:10 PM
"Sat, Dec 21, 2024",Philadelphia 76ers,Cleveland Cavaliers,Rocket Mortgage FieldHouse,https://statsdmz.nba.com/pdfs/20241221/20241221_PHICLE_book.pdf,8:10 PM
"Sat, Dec 21, 2024",Washington Wizards,Milwaukee Bucks,Fiserv Forum,https://statsdmz.nba.com/pdfs/20241221/20241221_WASMIL_book.pdf,7:14 PM
"Sat, Dec 21, 2024",Golden State Warriors,Minnesota Timberwolves,Target Center,https://statsdmz.nba.com/pdfs/20241221/20241221_GSWMIN_book.pdf,7:36 PM
"Sat, Dec 21, 2024",New York Knicks,New Orleans Pelicans,Smoothie King Center,https://statsdmz.nba.com/pdfs/20241221/20241221_NYKNOP_book.pdf,7:11 PM
"Sat, Dec 21, 2024",Los Angeles Clippers,Dallas Mavericks,American Airlines Center,https://statsdmz.nba.com/pdfs/20241221/20241221_LACDAL_book.pdf,7:40 PM
"Sat, Dec 21, 2024",Portland Trail Blazers,San Antonio Spurs,Frost Bank Center,https://statsdmz.nba.com/pdfs/20241221/20241221_PORSAS_book.pdf,7:41 PM
"Sat, Dec 21, 2024",Detroit Pistons,Phoenix Suns,Footprint Center,https://statsdmz.nba.com/pdfs/20241221/20241221_DETPHX_book.pdf,7:10 PM
"Sun, Dec 22, 2024",Indiana Pacers,Sacramento Kings,Golden 1 Center,https://statsdmz.nba.com/pdfs/20241222/20241222_INDSAC_book.pdf,3:10 PM
"Sun, Dec 22, 2024",Houston Rockets,Toronto Raptors,Scotiabank Arena,https://statsdmz.nba.com/pdfs/20241222/20241222_HOUTOR_book.pdf,6:13 PM
"Sun, Dec 22, 2024",Denver Nuggets,New Orleans Pelicans,Smoothie King Center,https://statsdmz.nba.com/pdfs/20241222/20241222_DENNOP_book.pdf,6:10 PM
"Mon, Dec 23, 2024",Houston Rockets,Charlotte Hornets,Spectrum Center,https://statsdmz.nba.com/pdfs/20241223/20241223_HOUCHA_book.pdf,7:10 PM
"Mon, Dec 23, 2024",Utah Jazz,Cleveland Cavaliers,Rocket Mortgage FieldHouse,https://statsdmz.nba.com/pdfs/20241223/20241223_UTACLE_book.pdf,7:45 PM
"Mon, Dec 23, 2024",Boston Celtics,Orlando Magic,Kia Center,https://statsdmz.nba.com/pdfs/20241223/20241223_BOSORL_book.pdf,7:10 PM
"Mon, Dec 23, 2024",San Antonio Spurs,Philadelphia 76ers,Wells Fargo Center,https://statsdmz.nba.com/pdfs/20241223/20241223_SASPHI_book.pdf,7:10 PM
"Mon, Dec 23, 2024",Minnesota Timberwolves,Atlanta Hawks,State Farm Arena,https://statsdmz.nba.com/pdfs/20241223/20241223_MINATL_book.pdf,7:42 PM
"Mon, Dec 23, 2024",Brooklyn Nets,Miami Heat,Kaseya Center,https://statsdmz.nba.com/pdfs/20241223/20241223_BKNMIA_book.pdf,7:42 PM
"Mon, Dec 23, 2024",Toronto Raptors,New York Knicks,Madison Square Garden,https://statsdmz.nba.com/pdfs/20241223/20241223_TORNYK_book.pdf,7:42 PM
"Mon, Dec 23, 2024",Milwaukee Bucks,Chicago Bulls,United Center,https://statsdmz.nba.com/pdfs/20241223/20241223_MILCHI_book.pdf,7:10 PM
"Mon, Dec 23, 2024",Los Angeles Clippers,Memphis Grizzlies,FedExForum,https://statsdmz.nba.com/pdfs/20241223/20241223_LACMEM_book.pdf,7:10 PM
"Mon, Dec 23, 2024",Washington Wizards,Oklahoma City Thunder,Paycom Center,https://statsdmz.nba.com/pdfs/20241223/20241223_WASOKC_book.pdf,7:11 PM
"Mon, Dec 23, 2024",Portland Trail Blazers,Dallas Mavericks,American Airlines Center,https://statsdmz.nba.com/pdfs/20241223/20241223_PORDAL_book.pdf,7:40 PM
"Mon, Dec 23, 2024",Phoenix Suns,Denver Nuggets,Ball Arena,https://statsdmz.nba.com/pdfs/20241223/20241223_PHXDEN_book.pdf,8:10 PM
"Mon, Dec 23, 2024",Indiana Pacers,Golden State Warriors,Chase Center,https://statsdmz.nba.com/pdfs/20241223/20241223_INDGSW_book.pdf,7:11 PM
"Mon, Dec 23, 2024",Detroit Pistons,Los Angeles Lakers,Crypto.com Arena,https://statsdmz.nba.com/pdfs/20241223/20241223_DETLAL_book.pdf,7:41 PM
"Wed, Dec 25, 2024",San Antonio Spurs,New York Knicks,Madison Square Garden,https://statsdmz.nba.com/pdfs/20241225/20241225_SASNYK_book.pdf,12:07 PM
"Wed, Dec 25, 2024",Minnesota Timberwolves,Dallas Mavericks,American Airlines Center,https://statsdmz.nba.com/pdfs/20241225/20241225_MINDAL_book.pdf,1:37 PM
"Wed, Dec 25, 2024",Philadelphia 76ers,Boston Celtics,TD Garden,https://statsdmz.nba.com/pdfs/20241225/20241225_PHIBOS_book.pdf,5:08 PM
"Wed, Dec 25, 2024",Los Angeles Lakers,Golden State Warriors,Chase Center,https://statsdmz.nba.com/pdfs/20241225/20241225_LALGSW_book.pdf,5:07 PM
"Wed, Dec 25, 2024",Denver Nuggets,Phoenix Suns,Footprint Center,https://statsdmz.nba.com/pdfs/20241225/20241225_DENPHX_book.pdf,8:37 PM
"Thu, Dec 26, 2024",Oklahoma City Thunder,Indiana Pacers,Gainbridge Fieldhouse,https://statsdmz.nba.com/pdfs/20241226/20241226_OKCIND_book.pdf,7:10 PM
"Thu, Dec 26, 2024",Miami Heat,Orlando Magic,Kia Center,https://statsdmz.nba.com/pdfs/20241226/20241226_MIAORL_book.pdf,7:11 PM
"Thu, Dec 26, 2024",Charlotte Hornets,Washington Wizards,Capital One Arena,https://statsdmz.nba.com/pdfs/20241226/20241226_CHAWAS_book.pdf,7:11 PM
"Thu, Dec 26, 2024",Chicago Bulls,Atlanta Hawks,State Farm Arena,https://statsdmz.nba.com/pdfs/20241226/20241226_CHIATL_book.pdf,7:40 PM
"Thu, Dec 26, 2024",Toronto Raptors,Memphis Grizzlies,FedExForum,https://statsdmz.nba.com/pdfs/20241226/20241226_TORMEM_book.pdf,7:11 PM
"Thu, Dec 26, 2024",Brooklyn Nets,Milwaukee Bucks,Fiserv Forum,https://statsdmz.nba.com/pdfs/20241226/20241226_BKNMIL_book.pdf,7:10 PM
"Thu, Dec 26, 2024",Houston Rockets,New Orleans Pelicans,Smoothie King Center,https://statsdmz.nba.com/pdfs/20241226/20241226_HOUNOP_book.pdf,7:11 PM
"Thu, Dec 26, 2024",Utah Jazz,Portland Trail Blazers,Moda Center,https://statsdmz.nba.com/pdfs/20241226/20241226_UTAPOR_book.pdf,7:12 PM
"Thu, Dec 26, 2024",Detroit Pistons,Sacramento Kings,Golden 1 Center,https://statsdmz.nba.com/pdfs/20241226/20241226_DETSAC_book.pdf,7:10 PM
"Fri, Dec 27, 2024",New York Knicks,Orlando Magic,Kia Center,https://statsdmz.nba.com/pdfs/20241227/20241227_NYKORL_book.pdf,7:10 PM
"Fri, Dec 27, 2024",Indiana Pacers,Boston Celtics,TD Garden,https://statsdmz.nba.com/pdfs/20241227/20241227_INDBOS_book.pdf,7:40 PM
"Fri, Dec 27, 2024",San Antonio Spurs,Brooklyn Nets,Barclays Center,https://statsdmz.nba.com/pdfs/20241227/20241227_SASBKN_book.pdf,7:40 PM
"Fri, Dec 27, 2024",Minnesota Timberwolves,Houston Rockets,Toyota Center,https://statsdmz.nba.com/pdfs/20241227/20241227_MINHOU_book.pdf,7:11 PM
"Fri, Dec 27, 2024",Memphis Grizzlies,New Orleans Pelicans,Smoothie King Center,https://statsdmz.nba.com/pdfs/20241227/20241227_MEMNOP_book.pdf,7:10 PM
"Fri, Dec 27, 2024",Cleveland Cavaliers,Denver Nuggets,Ball Arena,https://statsdmz.nba.com/pdfs/20241227/20241227_CLEDEN_book.pdf,7:10 PM
"Fri, Dec 27, 2024",Dallas Mavericks,Phoenix Suns,Footprint Center,https://statsdmz.nba.com/pdfs/20241227/20241227_DALPHX_book.pdf,7:10 PM
"Fri, Dec 27, 2024",Golden State Warriors,Los Angeles Clippers,Intuit Dome,https://statsdmz.nba.com/pdfs/20241227/20241227_GSWLAC_book.pdf,7:10 PM
"Sat, Dec 28, 2024",Miami Heat,Atlanta Hawks,State Farm Arena,https://statsdmz.nba.com/pdfs/20241228/20241228_MIAATL_book.pdf,3:11 PM
"Sat, Dec 28, 2024",Oklahoma City Thunder,Charlotte Hornets,Spectrum Center,https://statsdmz.nba.com/pdfs/20241228/20241228_OKCCHA_book.pdf,6:10 PM
"Sat, Dec 28, 2024",New York Knicks,Washington Wizards,Capital One Arena,https://statsdmz.nba.com/pdfs/20241228/20241228_NYKWAS_book.pdf,7:10 PM
"Sat, Dec 28, 2024",Milwaukee Bucks,Chicago Bulls,United Center,https://statsdmz.nba.com/pdfs/20241228/20241228_MILCHI_book.pdf,7:10 PM
"Sat, Dec 28, 2024",Phoenix Suns,Golden State Warriors,Chase Center,https://statsdmz.nba.com/pdfs/20241228/20241228_PHXGSW_book.pdf,5:40 PM
"Sat, Dec 28, 2024",Detroit Pistons,Denver Nuggets,Ball Arena,https://statsdmz.nba.com/pdfs/20241228/20241228_DETDEN_book.pdf,7:10 PM
"Sat, Dec 28, 2024",Philadelphia 76ers,Utah Jazz,Delta Center,https://statsdmz.nba.com/pdfs/20241228/20241228_PHIUTA_book.pdf,7:41 PM
"Sat, Dec 28, 2024",Dallas Mavericks,Portland Trail Blazers,Moda Center,https://statsdmz.nba.com/pdfs/20241228/20241228_DALPOR_book.pdf,7:12 PM
"Sat, Dec 28, 2024",Sacramento Kings,Los Angeles Lakers,Crypto.com Arena,https://statsdmz.nba.com/pdfs/20241228/20241228_SACLAL_book.pdf,7:41 PM
"Sun, Dec 29, 2024",Brooklyn Nets,Orlando Magic,Kia Center,https://statsdmz.nba.com/pdfs/20241229/20241229_BKNORL_book.pdf,3:41 PM
"Sun, Dec 29, 2024",Indiana Pacers,Boston Celtics,TD Garden,https://statsdmz.nba.com/pdfs/20241229/20241229_INDBOS_book.pdf,6:10 PM
"Sun, Dec 29, 2024",Atlanta Hawks,Toronto Raptors,Scotiabank Arena,https://statsdmz.nba.com/pdfs/20241229/20241229_ATLTOR_book.pdf,6:12 PM
"Sun, Dec 29, 2024",Miami Heat,Houston Rockets,Toyota Center,https://statsdmz.nba.com/pdfs/20241229/20241229_MIAHOU_book.pdf,6:11 PM
"Sun, Dec 29, 2024",Memphis Grizzlies,Oklahoma City Thunder,Paycom Center,https://statsdmz.nba.com/pdfs/20241229/20241229_MEMOKC_book.pdf,6:11 PM
"Sun, Dec 29, 2024",San Antonio Spurs,Minnesota Timberwolves,Target Center,https://statsdmz.nba.com/pdfs/20241229/20241229_SASMIN_book.pdf,8:10 PM
"Mon, Dec 30, 2024",Chicago Bulls,Charlotte Hornets,Spectrum Center,https://statsdmz.nba.com/pdfs/20241230/20241230_CHICHA_book.pdf,7:10 PM
"Mon, Dec 30, 2024",New York Knicks,Washington Wizards,Capital One Arena,https://statsdmz.nba.com/pdfs/20241230/20241230_NYKWAS_book.pdf,7:11 PM
"Mon, Dec 30, 2024",Los Angeles Clippers,New Orleans Pelicans,Smoothie King Center,https://statsdmz.nba.com/pdfs/20241230/20241230_LACNOP_book.pdf,7:10 PM
"Mon, Dec 30, 2024",Denver Nuggets,Utah Jazz,Delta Center,https://statsdmz.nba.com/pdfs/20241230/20241230_DENUTA_book.pdf,7:12 PM
"Mon, Dec 30, 2024",Cleveland Cavaliers,Golden State Warriors,Chase Center,https://statsdmz.nba.com/pdfs/20241230/20241230_CLEGSW_book.pdf,7:11 PM
"Mon, Dec 30, 2024",Philadelphia 76ers,Portland Trail Blazers,Moda Center,https://statsdmz.nba.com/pdfs/20241230/20241230_PHIPOR_book.pdf,7:13 PM
"Mon, Dec 30, 2024",Dallas Mavericks,Sacramento Kings,Golden 1 Center,https://statsdmz.nba.com/pdfs/20241230/20241230_DALSAC_book.pdf,7:11 PM
"Tue, Dec 31, 2024",Toronto Raptors,Boston Celtics,TD Garden,https://statsdmz.nba.com/pdfs/20241231/20241231_TORBOS_book.pdf,3:12 PM
"Tue, Dec 31, 2024",Milwaukee Bucks,Indiana Pacers,Gainbridge Fieldhouse,https://statsdmz.nba.com/pdfs/20241231/20241231_MILIND_book.pdf,3:12 PM
"Tue, Dec 31, 2024",Los Angeles Clippers,San Antonio Spurs,Frost Bank Center,https://statsdmz.nba.com/pdfs/20241231/20241231_LACSAS_book.pdf,6:11 PM
"Tue, Dec 31, 2024",Minnesota Timberwolves,Oklahoma City Thunder,Paycom Center,https://statsdmz.nba.com/pdfs/20241231/20241231_MINOKC_book.pdf,7:11 PM
"Tue, Dec 31, 2024",Cleveland Cavaliers,Los Angeles Lakers,Crypto.com Arena,https://statsdmz.nba.com/pdfs/20241231/20241231_CLELAL_book.pdf,6:12 PM
"Tue, Dec 31, 2024",Memphis Grizzlies,Phoenix Suns,Footprint Center,https://statsdmz.nba.com/pdfs/20241231/20241231_MEMPHX_book.pdf,7:10 PM
"Wed, Jan 1, 2025",Orlando Magic,Detroit Pistons,Little Caesars Arena,https://statsdmz.nba.com/pdfs/20250101/20250101_ORLDET_book.pdf,7:11 PM
"Wed, Jan 1, 2025",Chicago Bulls,Washington Wizards,Capital One Arena,https://statsdmz.nba.com/pdfs/20250101/20250101_CHIWAS_book.pdf,7:11 PM
"Wed, Jan 1, 2025",New Orleans Pelicans,Miami Heat,Kaseya Center,https://statsdmz.nba.com/pdfs/20250101/20250101_NOPMIA_book.pdf,7:43 PM
"Wed, Jan 1, 2025",Utah Jazz,New York Knicks,Madison Square Garden,https://statsdmz.nba.com/pdfs/20250101/20250101_UTANYK_book.pdf,7:41 PM
"Wed, Jan 1, 2025",Brooklyn Nets,Toronto Raptors,Scotiabank Arena,https://statsdmz.nba.com/pdfs/20250101/20250101_BKNTOR_book.pdf,7:42 PM
"Wed, Jan 1, 2025",Dallas Mavericks,Houston Rockets,Toyota Center,https://statsdmz.nba.com/pdfs/20250101/20250101_DALHOU_book.pdf,7:11 PM
"Wed, Jan 1, 2025",Atlanta Hawks,Denver Nuggets,Ball Arena,https://statsdmz.nba.com/pdfs/20250101/20250101_ATLDEN_book.pdf,7:11 PM
"Wed, Jan 1, 2025",Philadelphia 76ers,Sacramento Kings,Golden 1 Center,https://statsdmz.nba.com/pdfs/20250101/20250101_PHISAC_book.pdf,7:10 PM
"Thu, Jan 2, 2025",Indiana Pacers,Miami Heat,Kaseya Center,https://statsdmz.nba.com/pdfs/20250102/20250102_INDMIA_book.pdf,7:42 PM
"Thu, Jan 2, 2025",Boston Celtics,Minnesota Timberwolves,Target Center,https://statsdmz.nba.com/pdfs/20250102/20250102_BOSMIN_book.pdf,6:35 PM
"Thu, Jan 2, 2025",Brooklyn Nets,Milwaukee Bucks,Fiserv Forum,https://statsdmz.nba.com/pdfs/20250102/20250102_BKNMIL_book.pdf,7:10 PM
"Thu, Jan 2, 2025",Los Angeles Clippers,Oklahoma City Thunder,Paycom Center,https://statsdmz.nba.com/pdfs/20250102/20250102_LACOKC_book.pdf,7:10 PM
"Thu, Jan 2, 2025",Philadelphia 76ers,Golden State Warriors,Chase Center,https://statsdmz.nba.com/pdfs/20250102/20250102_PHIGSW_book.pdf,7:06 PM
"Thu, Jan 2, 2025",Portland Trail Blazers,Los Angeles Lakers,Crypto.com Arena,https://statsdmz.nba.com/pdfs/20250102/20250102_PORLAL_book.pdf,7:41 PM
"Fri, Jan 3, 2025",Charlotte Hornets,Detroit Pistons,Little Caesars Arena,https://statsdmz.nba.com/pdfs/20250103/20250103_CHADET_book.pdf,7:10 PM
"Fri, Jan 3, 2025",Orlando Magic,Toronto Raptors,Scotiabank Arena,https://statsdmz.nba.com/pdfs/20250103/20250103_ORLTOR_book.pdf,7:42 PM
"Fri, Jan 3, 2025",Boston Celtics,Houston Rockets,Toyota Center,https://statsdmz.nba.com/pdfs/20250103/20250103_BOSHOU_book.pdf,7:11 PM
"Fri, Jan 3, 2025",Washington Wizards,New Orleans Pelicans,Smoothie King Center,https://statsdmz.nba.com/pdfs/20250103/20250103_WASNOP_book.pdf,7:11 PM
"Fri, Jan 3, 2025",New York Knicks,Oklahoma City Thunder,Paycom Center,https://statsdmz.nba.com/pdfs/20250103/20250103_NYKOKC_book.pdf,7:10 PM
"Fri, Jan 3, 2025",Cleveland Cavaliers,Dallas Mavericks,American Airlines Center,https://statsdmz.nba.com/pdfs/20250103/20250103_CLEDAL_book.pdf,7:41 PM
"Fri, Jan 3, 2025",San Antonio Spurs,Denver Nuggets,Ball Arena,https://statsdmz.nba.com/pdfs/20250103/20250103_SASDEN_book.pdf,7:10 PM
"Fri, Jan 3, 2025",Memphis Grizzlies,Sacramento Kings,Golden 1 Center,https://statsdmz.nba.com/pdfs/20250103/20250103_MEMSAC_book.pdf,7:10 PM
"Fri, Jan 3, 2025",Atlanta Hawks,Los Angeles Lakers,Crypto.com Arena,https://statsdmz.nba.com/pdfs/20250103/20250103_ATLLAL_book.pdf,7:40 PM
"Sat, Jan 4, 2025",Philadelphia 76ers,Brooklyn Nets,Barclays Center,https://statsdmz.nba.com/pdfs/20250104/20250104_PHIBKN_book.pdf,6:11 PM
"Sat, Jan 4, 2025",Minnesota Timberwolves,Detroit Pistons,Little Caesars Arena,https://statsdmz.nba.com/pdfs/20250104/20250104_MINDET_book.pdf,7:10 PM
"Sat, Jan 4, 2025",Phoenix Suns,Indiana Pacers,Gainbridge Fieldhouse,https://statsdmz.nba.com/pdfs/20250104/20250104_PHXIND_book.pdf,7:10 PM
"Sat, Jan 4, 2025",New York Knicks,Chicago Bulls,United Center,https://statsdmz.nba.com/pdfs/20250104/20250104_NYKCHI_book.pdf,7:11 PM
"Sat, Jan 4, 2025",Utah Jazz,Miami Heat,Kaseya Center,https://statsdmz.nba.com/pdfs/20250104/20250104_UTAMIA_book.pdf,8:12 PM
"Sat, Jan 4, 2025",Portland Trail Blazers,Milwaukee Bucks,Fiserv Forum,https://statsdmz.nba.com/pdfs/20250104/20250104_PORMIL_book.pdf,7:10 PM
"Sat, Jan 4, 2025",Denver Nuggets,San Antonio Spurs,Frost Bank Center,https://statsdmz.nba.com/pdfs/20250104/20250104_DENSAS_book.pdf,7:10 PM
"Sat, Jan 4, 2025",Memphis Grizzlies,Golden State Warriors,Chase Center,https://statsdmz.nba.com/pdfs/20250104/20250104_MEMGSW_book.pdf,5:40 PM
"Sat, Jan 4, 2025",Atlanta Hawks,Los Angeles Clippers,Intuit Dome,https://statsdmz.nba.com/pdfs/20250104/20250104_ATLLAC_book.pdf,7:40 PM
"Sun, Jan 5, 2025",Boston Celtics,Oklahoma City Thunder,Paycom Center,https://statsdmz.nba.com/pdfs/20250105/20250105_BOSOKC_book.pdf,2:40 PM
"Sun, Jan 5, 2025",Charlotte Hornets,Cleveland Cavaliers,Rocket Mortgage FieldHouse,https://statsdmz.nba.com/pdfs/20250105/20250105_CHACLE_book.pdf,6:12 PM
"Sun, Jan 5, 2025",New Orleans Pelicans,Washington Wizards,Capital One Arena,https://statsdmz.nba.com/pdfs/20250105/20250105_NOPWAS_book.pdf,6:10 PM
"Sun, Jan 5, 2025",Utah Jazz,Orlando Magic,Kia Center,https://statsdmz.nba.com/pdfs/20250105/20250105_UTAORL_book.pdf,6:40 PM
"Sun, Jan 5, 2025",Los Angeles Lakers,Houston Rockets,Toyota Center,https://statsdmz.nba.com/pdfs/20250105/20250105_LALHOU_book.pdf,6:10 PM
"Sun, Jan 5, 2025",Sacramento Kings,Golden State Warriors,Chase Center,https://statsdmz.nba.com/pdfs/20250105/20250105_SACGSW_book.pdf,5:41 PM
"Mon, Jan 6, 2025",Portland Trail Blazers,Detroit Pistons,Little Caesars Arena,https://statsdmz.nba.com/pdfs/20250106/20250106_PORDET_book.pdf,7:11 PM
"Mon, Jan 6, 2025",Phoenix Suns,Philadelphia 76ers,Wells Fargo Center,https://statsdmz.nba.com/pdfs/20250106/20250106_PHXPHI_book.pdf,7:10 PM
"Mon, Jan 6, 2025",Indiana Pacers,Brooklyn Nets,Barclays Center,https://statsdmz.nba.com/pdfs/20250106/20250106_INDBKN_book.pdf,7:41 PM
"Mon, Jan 6, 2025",Orlando Magic,New York Knicks,Madison Square Garden,https://statsdmz.nba.com/pdfs/20250106/20250106_ORLNYK_book.pdf,7:41 PM
"Mon, Jan 6, 2025",Milwaukee Bucks,Toronto Raptors,Scotiabank Arena,https://statsdmz.nba.com/pdfs/20250106/20250106_MILTOR_book.pdf,7:42 PM
"Mon, Jan 6, 2025",San Antonio Spurs,Chicago Bulls,United Center,https://statsdmz.nba.com/pdfs/20250106/20250106_SASCHI_book.pdf,7:10 PM
"Mon, Jan 6, 2025",Dallas Mavericks,Memphis Grizzlies,FedExForum,https://statsdmz.nba.com/pdfs/20250106/20250106_DALMEM_book.pdf,7:10 PM
"Mon, Jan 6, 2025",Los Angeles Clippers,Minnesota Timberwolves,Target Center,https://statsdmz.nba.com/pdfs/20250106/20250106_LACMIN_book.pdf,7:10 PM
"Mon, Jan 6, 2025",Miami Heat,Sacramento Kings,Golden 1 Center,https://statsdmz.nba.com/pdfs/20250106/20250106_MIASAC_book.pdf,7:10 PM
"Tue, Jan 7, 2025",Phoenix Suns,Charlotte Hornets,Spectrum Center,https://statsdmz.nba.com/pdfs/20250107/20250107_PHXCHA_book.pdf,7:10 PM
"Tue, Jan 7, 2025",Houston Rockets,Washington Wizards,Capital One Arena,https://statsdmz.nba.com/pdfs/20250107/20250107_HOUWAS_book.pdf,7:10 PM
"Tue, Jan 7, 2025",Los Angeles Lakers,Dallas Mavericks,American Airlines Center,https://statsdmz.nba.com/pdfs/20250107/20250107_LALDAL_book.pdf,6:36 PM
"Tue, Jan 7, 2025",Minnesota Timberwolves,New Orleans Pelicans,Smoothie King Center,https://statsdmz.nba.com/pdfs/20250107/20250107_MINNOP_book.pdf,7:10 PM
"Tue, Jan 7, 2025",Atlanta Hawks,Utah Jazz,Delta Center,https://statsdmz.nba.com/pdfs/20250107/20250107_ATLUTA_book.pdf,7:10 PM
"Tue, Jan 7, 2025",Boston Celtics,Denver Nuggets,Ball Arena,https://statsdmz.nba.com/pdfs/20250107/20250107_BOSDEN_book.pdf,8:05 PM
"Tue, Jan 7, 2025",Miami Heat,Golden State Warriors,Chase Center,https://statsdmz.nba.com/pdfs/20250107/20250107_MIAGSW_book.pdf,7:10 PM
"Wed, Jan 8, 2025",Oklahoma City Thunder,Cleveland Cavaliers,Rocket Mortgage FieldHouse,https://statsdmz.nba.com/pdfs/20250108/20250108_OKCCLE_book.pdf,7:13 PM
"Wed, Jan 8, 2025",Chicago Bulls,Indiana Pacers,Gainbridge Fieldhouse,https://statsdmz.nba.com/pdfs/20250108/20250108_CHIIND_book.pdf,7:10 PM
"Wed, Jan 8, 2025",Washington Wizards,Philadelphia 76ers,Wells Fargo Center,https://statsdmz.nba.com/pdfs/20250108/20250108_WASPHI_book.pdf,7:10 PM
"Wed, Jan 8, 2025",Detroit Pistons,Brooklyn Nets,Barclays Center,https://statsdmz.nba.com/pdfs/20250108/20250108_DETBKN_book.pdf,7:41 PM
"Wed, Jan 8, 2025",Toronto Raptors,New York Knicks,Madison Square Garden,https://statsdmz.nba.com/pdfs/20250108/20250108_TORNYK_book.pdf,7:42 PM
"Wed, Jan 8, 2025",Portland Trail Blazers,New Orleans Pelicans,Smoothie King Center,https://statsdmz.nba.com/pdfs/20250108/20250108_PORNOP_book.pdf,7:10 PM
"Wed, Jan 8, 2025",Los Angeles Clippers,Denver Nuggets,Ball Arena,https://statsdmz.nba.com/pdfs/20250108/20250108_LACDEN_book.pdf,7:11 PM
"Wed, Jan 8, 2025",San Antonio Spurs,Milwaukee Bucks,Fiserv Forum,https://statsdmz.nba.com/pdfs/20250108/20250108_SASMIL_book.pdf,8:43 PM
"Thu, Jan 9, 2025",Toronto Raptors,Cleveland Cavaliers,Rocket Mortgage FieldHouse,https://statsdmz.nba.com/pdfs/20250109/20250109_TORCLE_book.pdf,7:12 PM
"Thu, Jan 9, 2025",Golden State Warriors,Detroit Pistons,Little Caesars Arena,https://statsdmz.nba.com/pdfs/20250109/20250109_GSWDET_book.pdf,7:11 PM
"Thu, Jan 9, 2025",Minnesota Timberwolves,Orlando Magic,Kia Center,https://statsdmz.nba.com/pdfs/20250109/20250109_MINORL_book.pdf,7:11 PM
"Thu, Jan 9, 2025",Portland Trail Blazers,Dallas Mavericks,American Airlines Center,https://statsdmz.nba.com/pdfs/20250109/20250109_PORDAL_book.pdf,6:41 PM
"Thu, Jan 9, 2025",Houston Rockets,Memphis Grizzlies,FedExForum,https://statsdmz.nba.com/pdfs/20250109/20250109_HOUMEM_book.pdf,7:10 PM
"Thu, Jan 9, 2025",Atlanta Hawks,Phoenix Suns,Footprint Center,https://statsdmz.nba.com/pdfs/20250109/20250109_ATLPHX_book.pdf,7:12 PM
"Thu, Jan 9, 2025",Miami Heat,Utah Jazz,Delta Center,https://statsdmz.nba.com/pdfs/20250109/20250109_MIAUTA_book.pdf,7:11 PM
"Fri, Jan 10, 2025",Golden State Warriors,Indiana Pacers,Gainbridge Fieldhouse,https://statsdmz.nba.com/pdfs/20250110/20250110_GSWIND_book.pdf,7:10 PM
"Fri, Jan 10, 2025",Milwaukee Bucks,Orlando Magic,Kia Center,https://statsdmz.nba.com/pdfs/20250110/20250110_MILORL_book.pdf,7:11 PM
"Fri, Jan 10, 2025",New Orleans Pelicans,Philadelphia 76ers,Wells Fargo Center,https://statsdmz.nba.com/pdfs/20250110/20250110_NOPPHI_book.pdf,7:11 PM
"Fri, Jan 10, 2025",Sacramento Kings,Boston Celtics,TD Garden,https://statsdmz.nba.com/pdfs/20250110/20250110_SACBOS_book.pdf,7:40 PM
"Fri, Jan 10, 2025",Oklahoma City Thunder,New York Knicks,Madison Square Garden,https://statsdmz.nba.com/pdfs/20250110/20250110_OKCNYK_book.pdf,7:41 PM
"Fri, Jan 10, 2025",Washington Wizards,Chicago Bulls,United Center,https://statsdmz.nba.com/pdfs/20250110/20250110_WASCHI_book.pdf,7:10 PM
"Fri, Jan 10, 2025",Brooklyn Nets,Denver Nuggets,Ball Arena,https://statsdmz.nba.com/pdfs/20250110/20250110_BKNDEN_book.pdf,7:11 PM
"Sat, Jan 11, 2025",Utah Jazz,Phoenix Suns,Footprint Center,https://statsdmz.nba.com/pdfs/20250111/20250111_UTAPHX_book.pdf,3:10 PM
"Sat, Jan 11, 2025",Toronto Raptors,Detroit Pistons,Little Caesars Arena,https://statsdmz.nba.com/pdfs/20250111/20250111_TORDET_book.pdf,7:12 PM
"Sat, Jan 11, 2025",Memphis Grizzlies,Minnesota Timberwolves,Target Center,https://statsdmz.nba.com/pdfs/20250111/20250111_MEMMIN_book.pdf,7:10 PM
"Sat, Jan 11, 2025",Miami Heat,Portland Trail Blazers,Moda Center,https://statsdmz.nba.com/pdfs/20250111/20250111_MIAPOR_book.pdf,7:12 PM
"Sun, Jan 12, 2025",Denver Nuggets,Dallas Mavericks,American Airlines Center,https://statsdmz.nba.com/pdfs/20250112/20250112_DENDAL_book.pdf,2:10 PM
"Sun, Jan 12, 2025",Milwaukee Bucks,New York Knicks,Madison Square Garden,https://statsdmz.nba.com/pdfs/20250112/20250112_MILNYK_book.pdf,3:12 PM
"Sun, Jan 12, 2025",Sacramento Kings,Chicago Bulls,United Center,https://statsdmz.nba.com/pdfs/20250112/20250112_SACCHI_book.pdf,2:40 PM
"Sun, Jan 12, 2025",New Orleans Pelicans,Boston Celtics,TD Garden,https://statsdmz.nba.com/pdfs/20250112/20250112_NOPBOS_book.pdf,6:10 PM
"Sun, Jan 12, 2025",Indiana Pacers,Cleveland Cavaliers,Rocket Mortgage FieldHouse,https://statsdmz.nba.com/pdfs/20250112/20250112_INDCLE_book.pdf,6:10 PM
"Sun, Jan 12, 2025",Philadelphia 76ers,Orlando Magic,Kia Center,https://statsdmz.nba.com/pdfs/20250112/20250112_PHIORL_book.pdf,6:10 PM
"Sun, Jan 12, 2025",Oklahoma City Thunder,Washington Wizards,Capital One Arena,https://statsdmz.nba.com/pdfs/20250112/20250112_OKCWAS_book.pdf,6:10 PM
"Sun, Jan 12, 2025",Brooklyn Nets,Utah Jazz,Delta Center,https://statsdmz.nba.com/pdfs/20250112/20250112_BKNUTA_book.pdf,6:10 PM
"Sun, Jan 12, 2025",Charlotte Hornets,Phoenix Suns,Footprint Center,https://statsdmz.nba.com/pdfs/20250112/20250112_CHAPHX_book.pdf,7:10 PM
"Mon, Jan 13, 2025",Minnesota Timberwolves,Washington Wizards,Capital One Arena,https://statsdmz.nba.com/pdfs/20250113/20250113_MINWAS_book.pdf,7:11 PM
"Mon, Jan 13, 2025",Detroit Pistons,New York Knicks,Madison Square Garden,https://statsdmz.nba.com/pdfs/20250113/20250113_DETNYK_book.pdf,7:42 PM
"Mon, Jan 13, 2025",Golden State Warriors,Toronto Raptors,Scotiabank Arena,https://statsdmz.nba.com/pdfs/20250113/20250113_GSWTOR_book.pdf,7:42 PM
"Mon, Jan 13, 2025",Memphis Grizzlies,Houston Rockets,Toyota Center,https://statsdmz.nba.com/pdfs/20250113/20250113_MEMHOU_book.pdf,7:11 PM
"Mon, Jan 13, 2025",Miami Heat,Los Angeles Clippers,Intuit Dome,https://statsdmz.nba.com/pdfs/20250113/20250113_MIALAC_book.pdf,7:41 PM
"Mon, Jan 13, 2025",San Antonio Spurs,Los Angeles Lakers,Crypto.com Arena,https://statsdmz.nba.com/pdfs/20250113/20250113_SASLAL_book.pdf,7:43 PM
"Tue, Jan 14, 2025",Cleveland Cavaliers,Indiana Pacers,Gainbridge Fieldhouse,https://statsdmz.nba.com/pdfs/20250114/20250114_CLEIND_book.pdf,7:05 PM
"Tue, Jan 14, 2025",Oklahoma City Thunder,Philadelphia 76ers,Wells Fargo Center,https://statsdmz.nba.com/pdfs/20250114/20250114_OKCPHI_book.pdf,7:10 PM
"Tue, Jan 14, 2025",Phoenix Suns,Atlanta Hawks,State Farm Arena,https://statsdmz.nba.com/pdfs/20250114/20250114_PHXATL_book.pdf,7:40 PM
"Tue, Jan 14, 2025",New Orleans Pelicans,Chicago Bulls,United Center,https://statsdmz.nba.com/pdfs/20250114/20250114_NOPCHI_book.pdf,7:10 PM
"Tue, Jan 14, 2025",Sacramento Kings,Milwaukee Bucks,Fiserv Forum,https://statsdmz.nba.com/pdfs/20250114/20250114_SACMIL_book.pdf,7:10 PM
"Tue, Jan 14, 2025",Denver Nuggets,Dallas Mavericks,American Airlines Center,https://statsdmz.nba.com/pdfs/20250114/20250114_DENDAL_book.pdf,8:36 PM
"Tue, Jan 14, 2025",Brooklyn Nets,Portland Trail Blazers,Moda Center,https://statsdmz.nba.com/pdfs/20250114/20250114_BKNPOR_book.pdf,7:12 PM
"Wed, Jan 15, 2025",New York Knicks,Philadelphia 76ers,Wells Fargo Center,https://statsdmz.nba.com/pdfs/20250115/20250115_NYKPHI_book.pdf,7:13 PM
"Wed, Jan 15, 2025",Boston Celtics,Toronto Raptors,Scotiabank Arena,https://statsdmz.nba.com/pdfs/20250115/20250115_BOSTOR_book.pdf,7:42 PM
"Wed, Jan 15, 2025",Atlanta Hawks,Chicago Bulls,United Center,https://statsdmz.nba.com/pdfs/20250115/20250115_ATLCHI_book.pdf,7:10 PM
"Wed, Jan 15, 2025",Orlando Magic,Milwaukee Bucks,Fiserv Forum,https://statsdmz.nba.com/pdfs/20250115/20250115_ORLMIL_book.pdf,7:10 PM
"Wed, Jan 15, 2025",Dallas Mavericks,New Orleans Pelicans,Smoothie King Center,https://statsdmz.nba.com/pdfs/20250115/20250115_DALNOP_book.pdf,7:10 PM
"Wed, Jan 15, 2025",Memphis Grizzlies,San Antonio Spurs,Frost Bank Center,https://statsdmz.nba.com/pdfs/20250115/20250115_MEMSAS_book.pdf,7:10 PM
"Wed, Jan 15, 2025",Houston Rockets,Denver Nuggets,Ball Arena,https://statsdmz.nba.com/pdfs/20250115/20250115_HOUDEN_book.pdf,7:10 PM
"Wed, Jan 15, 2025",Charlotte Hornets,Utah Jazz,Delta Center,https://statsdmz.nba.com/pdfs/20250115/20250115_CHAUTA_book.pdf,7:11 PM
"Wed, Jan 15, 2025",Golden State Warriors,Minnesota Timberwolves,Target Center,https://statsdmz.nba.com/pdfs/20250115/20250115_GSWMIN_book.pdf,8:44 PM
"Wed, Jan 15, 2025",Miami Heat,Los Angeles Lakers,Crypto.com Arena,https://statsdmz.nba.com/pdfs/20250115/20250115_MIALAL_book.pdf,7:10 PM
"Wed, Jan 15, 2025",Brooklyn Nets,Los Angeles Clippers,Intuit Dome,https://statsdmz.nba.com/pdfs/20250115/20250115_BKNLAC_book.pdf,7:40 PM
"Thu, Jan 16, 2025",Indiana Pacers,Detroit Pistons,Little Caesars Arena,https://statsdmz.nba.com/pdfs/20250116/20250116_INDDET_book.pdf,7:10 PM
"Thu, Jan 16, 2025",Phoenix Suns,Washington Wizards,Capital One Arena,https://statsdmz.nba.com/pdfs/20250116/20250116_PHXWAS_book.pdf,7:11 PM
"Thu, Jan 16, 2025",Cleveland Cavaliers,Oklahoma City Thunder,Paycom Center,https://statsdmz.nba.com/pdfs/20250116/20250116_CLEOKC_book.pdf,6:35 PM
"Thu, Jan 16, 2025",Los Angeles Clippers,Portland Trail Blazers,Moda Center,https://statsdmz.nba.com/pdfs/20250116/20250116_LACPOR_book.pdf,7:12 PM
"Thu, Jan 16, 2025",Houston Rockets,Sacramento Kings,Golden 1 Center,https://statsdmz.nba.com/pdfs/20250116/20250116_HOUSAC_book.pdf,7:05 PM
"Fri, Jan 17, 2025",Orlando Magic,Boston Celtics,TD Garden,https://statsdmz.nba.com/pdfs/20250117/20250117_ORLBOS_book.pdf,7:13 PM
"Fri, Jan 17, 2025",Minnesota Timberwolves,New York Knicks,Madison Square Garden,https://statsdmz.nba.com/pdfs/20250117/20250117_MINNYK_book.pdf,7:43 PM
"Fri, Jan 17, 2025",Charlotte Hornets,Chicago Bulls,United Center,https://statsdmz.nba.com/pdfs/20250117/20250117_CHACHI_book.pdf,7:12 PM
"Fri, Jan 17, 2025",Denver Nuggets,Miami Heat,Kaseya Center,https://statsdmz.nba.com/pdfs/20250117/20250117_DENMIA_book.pdf,8:12 PM
"Fri, Jan 17, 2025",Toronto Raptors,Milwaukee Bucks,Fiserv Forum,https://statsdmz.nba.com/pdfs/20250117/20250117_TORMIL_book.pdf,7:12 PM
"Fri, Jan 17, 2025",Utah Jazz,New Orleans Pelicans,Smoothie King Center,https://statsdmz.nba.com/pdfs/20250117/20250117_UTANOP_book.pdf,7:10 PM
"Fri, Jan 17, 2025",Oklahoma City Thunder,Dallas Mavericks,American Airlines Center,https://statsdmz.nba.com/pdfs/20250117/20250117_OKCDAL_book.pdf,7:42 PM
"Fri, Jan 17, 2025",Memphis Grizzlies,San Antonio Spurs,Frost Bank Center,https://statsdmz.nba.com/pdfs/20250117/20250117_MEMSAS_book.pdf,8:44 PM
"Fri, Jan 17, 2025",Brooklyn Nets,Los Angeles Lakers,Crypto.com Arena,https://statsdmz.nba.com/pdfs/20250117/20250117_BKNLAL_book.pdf,7:40 PM
"Sat, Jan 18, 2025",Phoenix Suns,Detroit Pistons,Little Caesars Arena,https://statsdmz.nba.com/pdfs/20250118/20250118_PHXDET_book.pdf,4:10 PM
"Sat, Jan 18, 2025",Atlanta Hawks,Boston Celtics,TD Garden,https://statsdmz.nba.com/pdfs/20250118/20250118_ATLBOS_book.pdf,7:11 PM
"Sat, Jan 18, 2025",Philadelphia 76ers,Indiana Pacers,Gainbridge Fieldhouse,https://statsdmz.nba.com/pdfs/20250118/20250118_PHIIND_book.pdf,7:11 PM
"Sat, Jan 18, 2025",Washington Wizards,Golden State Warriors,Chase Center,https://statsdmz.nba.com/pdfs/20250118/20250118_WASGSW_book.pdf,5:40 PM
"Sat, Jan 18, 2025",Cleveland Cavaliers,Minnesota Timberwolves,Target Center,https://statsdmz.nba.com/pdfs/20250118/20250118_CLEMIN_book.pdf,8:12 PM
"Sat, Jan 18, 2025",Houston Rockets,Portland Trail Blazers,Moda Center,https://statsdmz.nba.com/pdfs/20250118/20250118_HOUPOR_book.pdf,7:12 PM
"Sun, Jan 19, 2025",San Antonio Spurs,Miami Heat,Kaseya Center,https://statsdmz.nba.com/pdfs/20250119/20250119_SASMIA_book.pdf,3:14 PM
"Sun, Jan 19, 2025",Denver Nuggets,Orlando Magic,Kia Center,https://statsdmz.nba.com/pdfs/20250119/20250119_DENORL_book.pdf,6:10 PM
"Sun, Jan 19, 2025",Philadelphia 76ers,Milwaukee Bucks,Fiserv Forum,https://statsdmz.nba.com/pdfs/20250119/20250119_PHIMIL_book.pdf,6:12 PM
"Sun, Jan 19, 2025",Brooklyn Nets,Oklahoma City Thunder,Paycom Center,https://statsdmz.nba.com/pdfs/20250119/20250119_BKNOKC_book.pdf,6:11 PM
"Sun, Jan 19, 2025",Los Angeles Lakers,Los Angeles Clippers,Intuit Dome,https://statsdmz.nba.com/pdfs/20250119/20250119_LALLAC_book.pdf,6:10 PM
"Sun, Jan 19, 2025",Chicago Bulls,Portland Trail Blazers,Moda Center,https://statsdmz.nba.com/pdfs/20250119/20250119_CHIPOR_book.pdf,6:12 PM
"Sun, Jan 19, 2025",Washington Wizards,Sacramento Kings,Golden 1 Center,https://statsdmz.nba.com/pdfs/20250119/20250119_WASSAC_book.pdf,6:10 PM
"Mon, Jan 20, 2025",Dallas Mavericks,Charlotte Hornets,Spectrum Center,https://statsdmz.nba.com/pdfs/20250120/20250120_DALCHA_book.pdf,12:13 PM
"Mon, Jan 20, 2025",Detroit Pistons,Houston Rockets,Toyota Center,https://statsdmz.nba.com/pdfs/20250120/20250120_DETHOU_book.pdf,1:11 PM
"Mon, Jan 20, 2025",Minnesota Timberwolves,Memphis Grizzlies,FedExForum,https://statsdmz.nba.com/pdfs/20250120/20250120_MINMEM_book.pdf,1:37 PM
"Mon, Jan 20, 2025",Atlanta Hawks,New York Knicks,Madison Square Garden,https://statsdmz.nba.com/pdfs/20250120/20250120_ATLNYK_book.pdf,3:13 PM
"Mon, Jan 20, 2025",Phoenix Suns,Cleveland Cavaliers,Rocket Mortgage FieldHouse,https://statsdmz.nba.com/pdfs/20250120/20250120_PHXCLE_book.pdf,3:40 PM
"Mon, Jan 20, 2025",Boston Celtics,Golden State Warriors,Chase Center,https://statsdmz.nba.com/pdfs/20250120/20250120_BOSGSW_book.pdf,2:11 PM
"Mon, Jan 20, 2025",Utah Jazz,New Orleans Pelicans,Smoothie King Center,https://statsdmz.nba.com/pdfs/20250120/20250120_UTANOP_book.pdf,7:11 PM
"Mon, Jan 20, 2025",Chicago Bulls,Los Angeles Clippers,Intuit Dome,https://statsdmz.nba.com/pdfs/20250120/20250120_CHILAC_book.pdf,7:40 PM
"Tue, Jan 21, 2025",New York Knicks,Brooklyn Nets,Barclays Center,https://statsdmz.nba.com/pdfs/20250121/20250121_NYKBKN_book.pdf,7:36 PM
"Tue, Jan 21, 2025",Portland Trail Blazers,Miami Heat,Kaseya Center,https://statsdmz.nba.com/pdfs/20250121/20250121_PORMIA_book.pdf,7:45 PM
"Tue, Jan 21, 2025",Orlando Magic,Toronto Raptors,Scotiabank Arena,https://statsdmz.nba.com/pdfs/20250121/20250121_ORLTOR_book.pdf,7:42 PM
"Tue, Jan 21, 2025",Philadelphia 76ers,Denver Nuggets,Ball Arena,https://statsdmz.nba.com/pdfs/20250121/20250121_PHIDEN_book.pdf,8:05 PM
"Tue, Jan 21, 2025",Washington Wizards,Los Angeles Lakers,Crypto.com Arena,https://statsdmz.nba.com/pdfs/20250121/20250121_WASLAL_book.pdf,7:41 PM
"Wed, Jan 22, 2025",Detroit Pistons,Atlanta Hawks,State Farm Arena,https://statsdmz.nba.com/pdfs/20250122/20250122_DETATL_book.pdf,7:40 PM
"Wed, Jan 22, 2025",Phoenix Suns,Brooklyn Nets,Barclays Center,https://statsdmz.nba.com/pdfs/20250122/20250122_PHXBKN_book.pdf,7:40 PM
"Wed, Jan 22, 2025",Minnesota Timberwolves,Dallas Mavericks,American Airlines Center,https://statsdmz.nba.com/pdfs/20250122/20250122_MINDAL_book.pdf,6:43 PM
"Wed, Jan 22, 2025",Cleveland Cavaliers,Houston Rockets,Toyota Center,https://statsdmz.nba.com/pdfs/20250122/20250122_CLEHOU_book.pdf,7:12 PM
"Wed, Jan 22, 2025",Charlotte Hornets,Memphis Grizzlies,FedExForum,https://statsdmz.nba.com/pdfs/20250122/20250122_CHAMEM_book.pdf,7:11 PM
"Wed, Jan 22, 2025",Utah Jazz,Oklahoma City Thunder,Paycom Center,https://statsdmz.nba.com/pdfs/20250122/20250122_UTAOKC_book.pdf,7:10 PM
"Wed, Jan 22, 2025",Golden State Warriors,Sacramento Kings,Golden 1 Center,https://statsdmz.nba.com/pdfs/20250122/20250122_GSWSAC_book.pdf,7:14 PM
"Wed, Jan 22, 2025",Boston Celtics,Los Angeles Clippers,Intuit Dome,https://statsdmz.nba.com/pdfs/20250122/20250122_BOSLAC_book.pdf,7:40 PM
"Thu, Jan 23, 2025",San Antonio Spurs,Indiana Pacers,Gainbridge Fieldhouse,https://statsdmz.nba.com/pdfs/20250123/20250123_SASIND_book.pdf,8:15 PM
"Thu, Jan 23, 2025",Portland Trail Blazers,Orlando Magic,Kia Center,https://statsdmz.nba.com/pdfs/20250123/20250123_PORORL_book.pdf,7:10 PM
"Thu, Jan 23, 2025",Toronto Raptors,Atlanta Hawks,State Farm Arena,https://statsdmz.nba.com/pdfs/20250123/20250123_TORATL_book.pdf,7:42 PM
"Thu, Jan 23, 2025",Dallas Mavericks,Oklahoma City Thunder,Paycom Center,https://statsdmz.nba.com/pdfs/20250123/20250123_DALOKC_book.pdf,7:10 PM
"Thu, Jan 23, 2025",Miami Heat,Milwaukee Bucks,Fiserv Forum,https://statsdmz.nba.com/pdfs/20250123/20250123_MIAMIL_book.pdf,7:30 PM
"Thu, Jan 23, 2025",Sacramento Kings,Denver Nuggets,Ball Arena,https://statsdmz.nba.com/pdfs/20250123/20250123_SACDEN_book.pdf,7:10 PM
"Thu, Jan 23, 2025",Chicago Bulls,Golden State Warriors,Chase Center,https://statsdmz.nba.com/pdfs/20250123/20250123_CHIGSW_book.pdf,7:10 PM
"Thu, Jan 23, 2025",Boston Celtics,Los Angeles Lakers,Crypto.com Arena,https://statsdmz.nba.com/pdfs/20250123/20250123_BOSLAL_book.pdf,7:15 PM
"Thu, Jan 23, 2025",Washington Wizards,Los Angeles Clippers,Intuit Dome,https://statsdmz.nba.com/pdfs/20250123/20250123_WASLAC_book.pdf,7:40 PM
"Fri, Jan 24, 2025",Portland Trail Blazers,Charlotte Hornets,Spectrum Center,https://statsdmz.nba.com/pdfs/20250124/20250124_PORCHA_book.pdf,7:10 PM
"Fri, Jan 24, 2025",Cleveland Cavaliers,Philadelphia 76ers,Wells Fargo Center,https://statsdmz.nba.com/pdfs/20250124/20250124_CLEPHI_book.pdf,7:11 PM
"Fri, Jan 24, 2025",New Orleans Pelicans,Memphis Grizzlies,FedExForum,https://statsdmz.nba.com/pdfs/20250124/20250124_NOPMEM_book.pdf,7:10 PM
"Sat, Jan 25, 2025",Indiana Pacers,San Antonio Spurs,Frost Bank Center,https://statsdmz.nba.com/pdfs/20250125/20250125_INDSAS_book.pdf,6:14 PM
"Sat, Jan 25, 2025",Denver Nuggets,Minnesota Timberwolves,Target Center,https://statsdmz.nba.com/pdfs/20250125/20250125_DENMIN_book.pdf,2:10 PM
"Sat, Jan 25, 2025",Boston Celtics,Dallas Mavericks,American Airlines Center,https://statsdmz.nba.com/pdfs/20250125/20250125_BOSDAL_book.pdf,4:40 PM
"Sat, Jan 25, 2025",Miami Heat,Brooklyn Nets,Barclays Center,https://statsdmz.nba.com/pdfs/20250125/20250125_MIABKN_book.pdf,6:11 PM
"Sat, Jan 25, 2025",New Orleans Pelicans,Charlotte Hornets,Spectrum Center,https://statsdmz.nba.com/pdfs/20250125/20250125_NOPCHA_book.pdf,7:10 PM
"Sat, Jan 25, 2025",Detroit Pistons,Orlando Magic,Kia Center,https://statsdmz.nba.com/pdfs/20250125/20250125_DETORL_book.pdf,7:11 PM
"Sat, Jan 25, 2025",Toronto Raptors,Atlanta Hawks,State Farm Arena,https://statsdmz.nba.com/pdfs/20250125/20250125_TORATL_book.pdf,7:41 PM
"Sat, Jan 25, 2025",Houston Rockets,Cleveland Cavaliers,Rocket Mortgage FieldHouse,https://statsdmz.nba.com/pdfs/20250125/20250125_HOUCLE_book.pdf,7:41 PM
"Sat, Jan 25, 2025",Sacramento Kings,New York Knicks,Madison Square Garden,https://statsdmz.nba.com/pdfs/20250125/20250125_SACNYK_book.pdf,7:42 PM
"Sat, Jan 25, 2025",Philadelphia 76ers,Chicago Bulls,United Center,https://statsdmz.nba.com/pdfs/20250125/20250125_PHICHI_book.pdf,7:10 PM
"Sat, Jan 25, 2025",Utah Jazz,Memphis Grizzlies,FedExForum,https://statsdmz.nba.com/pdfs/20250125/20250125_UTAMEM_book.pdf,7:10 PM
"Sat, Jan 25, 2025",Los Angeles Lakers,Golden State Warriors,Chase Center,https://statsdmz.nba.com/pdfs/20250125/20250125_LALGSW_book.pdf,5:41 PM
"Sat, Jan 25, 2025",Washington Wizards,Phoenix Suns,Footprint Center,https://statsdmz.nba.com/pdfs/20250125/20250125_WASPHX_book.pdf,7:10 PM
"Sat, Jan 25, 2025",Milwaukee Bucks,Los Angeles Clippers,Intuit Dome,https://statsdmz.nba.com/pdfs/20250125/20250125_MILLAC_book.pdf,7:40 PM
"Sun, Jan 26, 2025",Oklahoma City Thunder,Portland Trail Blazers,Moda Center,https://statsdmz.nba.com/pdfs/20250126/20250126_OKCPOR_book.pdf,3:12 PM
"Mon, Jan 27, 2025",Los Angeles Lakers,Charlotte Hornets,Spectrum Center,https://statsdmz.nba.com/pdfs/20250127/20250127_LALCHA_book.pdf,7:10 PM
"Mon, Jan 27, 2025",Detroit Pistons,Cleveland Cavaliers,Rocket Mortgage FieldHouse,https://statsdmz.nba.com/pdfs/20250127/20250127_DETCLE_book.pdf,7:11 PM
"Mon, Jan 27, 2025",Houston Rockets,Boston Celtics,TD Garden,https://statsdmz.nba.com/pdfs/20250127/20250127_HOUBOS_book.pdf,7:40 PM
"Mon, Jan 27, 2025",Sacramento Kings,Brooklyn Nets,Barclays Center,https://statsdmz.nba.com/pdfs/20250127/20250127_SACBKN_book.pdf,7:41 PM
"Mon, Jan 27, 2025",Orlando Magic,Miami Heat,Kaseya Center,https://statsdmz.nba.com/pdfs/20250127/20250127_ORLMIA_book.pdf,7:42 PM
"Mon, Jan 27, 2025",Memphis Grizzlies,New York Knicks,Madison Square Garden,https://statsdmz.nba.com/pdfs/20250127/20250127_MEMNYK_book.pdf,7:41 PM
"Mon, Jan 27, 2025",New Orleans Pelicans,Toronto Raptors,Scotiabank Arena,https://statsdmz.nba.com/pdfs/20250127/20250127_NOPTOR_book.pdf,7:42 PM
"Mon, Jan 27, 2025",Denver Nuggets,Chicago Bulls,United Center,https://statsdmz.nba.com/pdfs/20250127/20250127_DENCHI_book.pdf,7:10 PM
"Mon, Jan 27, 2025",Atlanta Hawks,Minnesota Timberwolves,Target Center,https://statsdmz.nba.com/pdfs/20250127/20250127_ATLMIN_book.pdf,7:10 PM
"Mon, Jan 27, 2025",Washington Wizards,Dallas Mavericks,American Airlines Center,https://statsdmz.nba.com/pdfs/20250127/20250127_WASDAL_book.pdf,7:40 PM
"Mon, Jan 27, 2025",Milwaukee Bucks,Utah Jazz,Delta Center,https://statsdmz.nba.com/pdfs/20250127/20250127_MILUTA_book.pdf,7:10 PM
"Mon, Jan 27, 2025",Los Angeles Clippers,Phoenix Suns,Footprint Center,https://statsdmz.nba.com/pdfs/20250127/20250127_LACPHX_book.pdf,7:40 PM
"Tue, Jan 28, 2025",Houston Rockets,Atlanta Hawks,State Farm Arena,https://statsdmz.nba.com/pdfs/20250128/20250128_HOUATL_book.pdf,7:40 PM
"Tue, Jan 28, 2025",Los Angeles Lakers,Philadelphia 76ers,Wells Fargo Center,https://statsdmz.nba.com/pdfs/20250128/20250128_LALPHI_book.pdf,7:35 PM
"Tue, Jan 28, 2025",Utah Jazz,Golden State Warriors,Chase Center,https://statsdmz.nba.com/pdfs/20250128/20250128_UTAGSW_book.pdf,7:10 PM
"Tue, Jan 28, 2025",Milwaukee Bucks,Portland Trail Blazers,Moda Center,https://statsdmz.nba.com/pdfs/20250128/20250128_MILPOR_book.pdf,7:06 PM
"Wed, Jan 29, 2025",Brooklyn Nets,Charlotte Hornets,Spectrum Center,https://statsdmz.nba.com/pdfs/20250129/20250129_BKNCHA_book.pdf,7:10 PM
"Wed, Jan 29, 2025",Detroit Pistons,Indiana Pacers,Gainbridge Fieldhouse,https://statsdmz.nba.com/pdfs/20250129/20250129_DETIND_book.pdf,7:10 PM
"Wed, Jan 29, 2025",Toronto Raptors,Washington Wizards,Capital One Arena,https://statsdmz.nba.com/pdfs/20250129/20250129_TORWAS_book.pdf,7:12 PM
"Wed, Jan 29, 2025",Chicago Bulls,Boston Celtics,TD Garden,https://statsdmz.nba.com/pdfs/20250129/20250129_CHIBOS_book.pdf,7:41 PM
"Wed, Jan 29, 2025",Cleveland Cavaliers,Miami Heat,Kaseya Center,https://statsdmz.nba.com/pdfs/20250129/20250129_CLEMIA_book.pdf,7:43 PM
"Wed, Jan 29, 2025",Denver Nuggets,New York Knicks,Madison Square Garden,https://statsdmz.nba.com/pdfs/20250129/20250129_DENNYK_book.pdf,7:44 PM
"Wed, Jan 29, 2025",Sacramento Kings,Philadelphia 76ers,Wells Fargo Center,https://statsdmz.nba.com/pdfs/20250129/20250129_SACPHI_book.pdf,7:40 PM
"Wed, Jan 29, 2025",Dallas Mavericks,New Orleans Pelicans,Smoothie King Center,https://statsdmz.nba.com/pdfs/20250129/20250129_DALNOP_book.pdf,7:10 PM
"Wed, Jan 29, 2025",Los Angeles Clippers,San Antonio Spurs,Frost Bank Center,https://statsdmz.nba.com/pdfs/20250129/20250129_LACSAS_book.pdf,7:10 PM
"Wed, Jan 29, 2025",Minnesota Timberwolves,Phoenix Suns,Footprint Center,https://statsdmz.nba.com/pdfs/20250129/20250129_MINPHX_book.pdf,7:10 PM
"Wed, Jan 29, 2025",Oklahoma City Thunder,Golden State Warriors,Chase Center,https://statsdmz.nba.com/pdfs/20250129/20250129_OKCGSW_book.pdf,7:16 PM
"Thu, Jan 30, 2025",Atlanta Hawks,Cleveland Cavaliers,Rocket Mortgage FieldHouse,https://statsdmz.nba.com/pdfs/20250130/20250130_ATLCLE_book.pdf,7:05 PM
"Thu, Jan 30, 2025",Los Angeles Lakers,Washington Wizards,Capital One Arena,https://statsdmz.nba.com/pdfs/20250130/20250130_LALWAS_book.pdf,7:11 PM
"Thu, Jan 30, 2025",Minnesota Timberwolves,Utah Jazz,Delta Center,https://statsdmz.nba.com/pdfs/20250130/20250130_MINUTA_book.pdf,7:10 PM
"Thu, Jan 30, 2025",Houston Rockets,Memphis Grizzlies,FedExForum,https://statsdmz.nba.com/pdfs/20250130/20250130_HOUMEM_book.pdf,8:35 PM
"Thu, Jan 30, 2025",Orlando Magic,Portland Trail Blazers,Moda Center,https://statsdmz.nba.com/pdfs/20250130/20250130_ORLPOR_book.pdf,7:12 PM
"Fri, Jan 31, 2025",Los Angeles Clippers,Charlotte Hornets,Spectrum Center,https://statsdmz.nba.com/pdfs/20250131/20250131_LACCHA_book.pdf,7:11 PM
"Fri, Jan 31, 2025",Dallas Mavericks,Detroit Pistons,Little Caesars Arena,https://statsdmz.nba.com/pdfs/20250131/20250131_DALDET_book.pdf,7:11 PM
"Fri, Jan 31, 2025",Denver Nuggets,Philadelphia 76ers,Wells Fargo Center,https://statsdmz.nba.com/pdfs/20250131/20250131_DENPHI_book.pdf,7:44 PM
"Fri, Jan 31, 2025",Chicago Bulls,Toronto Raptors,Scotiabank Arena,https://statsdmz.nba.com/pdfs/20250131/20250131_CHITOR_book.pdf,7:42 PM
"Fri, Jan 31, 2025",Boston Celtics,New Orleans Pelicans,Smoothie King Center,https://statsdmz.nba.com/pdfs/20250131/20250131_BOSNOP_book.pdf,7:11 PM
"Fri, Jan 31, 2025",Milwaukee Bucks,San Antonio Spurs,Frost Bank Center,https://statsdmz.nba.com/pdfs/20250131/20250131_MILSAS_book.pdf,7:11 PM
"Fri, Jan 31, 2025",Phoenix Suns,Golden State Warriors,Chase Center,https://statsdmz.nba.com/pdfs/20250131/20250131_PHXGSW_book.pdf,7:13 PM
"Sat, Feb 1, 2025",Atlanta Hawks,Indiana Pacers,Gainbridge Fieldhouse,https://statsdmz.nba.com/pdfs/20250201/20250201_ATLIND_book.pdf,5:12 PM
"Sat, Feb 1, 2025",Orlando Magic,Utah Jazz,Delta Center,https://statsdmz.nba.com/pdfs/20250201/20250201_ORLUTA_book.pdf,3:12 PM
"Sat, Feb 1, 2025",Denver Nuggets,Charlotte Hornets,Spectrum Center,https://statsdmz.nba.com/pdfs/20250201/20250201_DENCHA_book.pdf,7:12 PM
"Sat, Feb 1, 2025",Brooklyn Nets,Houston Rockets,Toyota Center,https://statsdmz.nba.com/pdfs/20250201/20250201_BKNHOU_book.pdf,7:11 PM
"Sat, Feb 1, 2025",Washington Wizards,Minnesota Timberwolves,Target Center,https://statsdmz.nba.com/pdfs/20250201/20250201_WASMIN_book.pdf,7:11 PM
"Sat, Feb 1, 2025",Sacramento Kings,Oklahoma City Thunder,Paycom Center,https://statsdmz.nba.com/pdfs/20250201/20250201_SACOKC_book.pdf,7:12 PM
"Sat, Feb 1, 2025",Los Angeles Lakers,New York Knicks,Madison Square Garden,https://statsdmz.nba.com/pdfs/20250201/20250201_LALNYK_book.pdf,8:41 PM
"Sat, Feb 1, 2025",Miami Heat,San Antonio Spurs,Frost Bank Center,https://statsdmz.nba.com/pdfs/20250201/20250201_MIASAS_book.pdf,7:40 PM
"Sat, Feb 1, 2025",Phoenix Suns,Portland Trail Blazers,Moda Center,https://statsdmz.nba.com/pdfs/20250201/20250201_PHXPOR_book.pdf,7:15 PM
"Sun, Feb 2, 2025",Chicago Bulls,Detroit Pistons,Little Caesars Arena,https://statsdmz.nba.com/pdfs/20250202/20250202_CHIDET_book.pdf,3:11 PM
"Sun, Feb 2, 2025",Dallas Mavericks,Cleveland Cavaliers,Rocket Mortgage FieldHouse,https://statsdmz.nba.com/pdfs/20250202/20250202_DALCLE_book.pdf,3:40 PM
"Sun, Feb 2, 2025",Los Angeles Clippers,Toronto Raptors,Scotiabank Arena,https://statsdmz.nba.com/pdfs/20250202/20250202_LACTOR_book.pdf,3:42 PM
"Sun, Feb 2, 2025",Boston Celtics,Philadelphia 76ers,Wells Fargo Center,https://statsdmz.nba.com/pdfs/20250202/20250202_BOSPHI_book.pdf,6:10 PM
"Sun, Feb 2, 2025",Memphis Grizzlies,Milwaukee Bucks,Fiserv Forum,https://statsdmz.nba.com/pdfs/20250202/20250202_MEMMIL_book.pdf,7:40 PM
"Mon, Feb 3, 2025",Washington Wizards,Charlotte Hornets,Spectrum Center,https://statsdmz.nba.com/pdfs/20250203/20250203_WASCHA_book.pdf,7:10 PM
"Mon, Feb 3, 2025",Atlanta Hawks,Detroit Pistons,Little Caesars Arena,https://statsdmz.nba.com/pdfs/20250203/20250203_ATLDET_book.pdf,7:11 PM
"Mon, Feb 3, 2025",Houston Rockets,New York Knicks,Madison Square Garden,https://statsdmz.nba.com/pdfs/20250203/20250203_HOUNYK_book.pdf,7:41 PM
"Mon, Feb 3, 2025",San Antonio Spurs,Memphis Grizzlies,FedExForum,https://statsdmz.nba.com/pdfs/20250203/20250203_SASMEM_book.pdf,7:50 PM
"Mon, Feb 3, 2025",Sacramento Kings,Minnesota Timberwolves,Target Center,https://statsdmz.nba.com/pdfs/20250203/20250203_SACMIN_book.pdf,7:12 PM
"Mon, Feb 3, 2025",Milwaukee Bucks,Oklahoma City Thunder,Paycom Center,https://statsdmz.nba.com/pdfs/20250203/20250203_MILOKC_book.pdf,7:10 PM
"Mon, Feb 3, 2025",New Orleans Pelicans,Denver Nuggets,Ball Arena,https://statsdmz.nba.com/pdfs/20250203/20250203_NOPDEN_book.pdf,7:12 PM
"Mon, Feb 3, 2025",Indiana Pacers,Utah Jazz,Delta Center,https://statsdmz.nba.com/pdfs/20250203/20250203_INDUTA_book.pdf,7:10 PM
"Mon, Feb 3, 2025",Orlando Magic,Golden State Warriors,Chase Center,https://statsdmz.nba.com/pdfs/20250203/20250203_ORLGSW_book.pdf,7:12 PM
"Mon, Feb 3, 2025",Phoenix Suns,Portland Trail Blazers,Moda Center,https://statsdmz.nba.com/pdfs/20250203/20250203_PHXPOR_book.pdf,7:12 PM
"Tue, Feb 4, 2025",Dallas Mavericks,Philadelphia 76ers,Wells Fargo Center,https://statsdmz.nba.com/pdfs/20250204/20250204_DALPHI_book.pdf,7:10 PM
"Tue, Feb 4, 2025",Houston Rockets,Brooklyn Nets,Barclays Center,https://statsdmz.nba.com/pdfs/20250204/20250204_HOUBKN_book.pdf,7:43 PM
"Tue, Feb 4, 2025",Boston Celtics,Cleveland Cavaliers,Rocket Mortgage FieldHouse,https://statsdmz.nba.com/pdfs/20250204/20250204_BOSCLE_book.pdf,7:36 PM
"Tue, Feb 4, 2025",New York Knicks,Toronto Raptors,Scotiabank Arena,https://statsdmz.nba.com/pdfs/20250204/20250204_NYKTOR_book.pdf,7:42 PM
"Tue, Feb 4, 2025",Miami Heat,Chicago Bulls,United Center,https://statsdmz.nba.com/pdfs/20250204/20250204_MIACHI_book.pdf,7:12 PM
"Tue, Feb 4, 2025",Los Angeles Lakers,Los Angeles Clippers,Intuit Dome,https://statsdmz.nba.com/pdfs/20250204/20250204_LALLAC_book.pdf,7:05 PM
"Tue, Feb 4, 2025",Indiana Pacers,Portland Trail Blazers,Moda Center,https://statsdmz.nba.com/pdfs/20250204/20250204_INDPOR_book.pdf,7:11 PM
"Wed, Feb 5, 2025",San Antonio Spurs,Atlanta Hawks,State Farm Arena,https://statsdmz.nba.com/pdfs/20250205/20250205_SASATL_book.pdf,7:13 PM
"Wed, Feb 5, 2025",Milwaukee Bucks,Charlotte Hornets,Spectrum Center,https://statsdmz.nba.com/pdfs/20250205/20250205_MILCHA_book.pdf,7:10 PM
"Wed, Feb 5, 2025",Cleveland Cavaliers,Detroit Pistons,Little Caesars Arena,https://statsdmz.nba.com/pdfs/20250205/20250205_CLEDET_book.pdf,7:11 PM
"Wed, Feb 5, 2025",Washington Wizards,Brooklyn Nets,Barclays Center,https://statsdmz.nba.com/pdfs/20250205/20250205_WASBKN_book.pdf,7:41 PM
"Wed, Feb 5, 2025",Miami Heat,Philadelphia 76ers,Wells Fargo Center,https://statsdmz.nba.com/pdfs/20250205/20250205_MIAPHI_book.pdf,7:40 PM
"Wed, Feb 5, 2025",Memphis Grizzlies,Toronto Raptors,Scotiabank Arena,https://statsdmz.nba.com/pdfs/20250205/20250205_MEMTOR_book.pdf,7:42 PM
"Wed, Feb 5, 2025",Chicago Bulls,Minnesota Timberwolves,Target Center,https://statsdmz.nba.com/pdfs/20250205/20250205_CHIMIN_book.pdf,7:10 PM
"Wed, Feb 5, 2025",New Orleans Pelicans,Denver Nuggets,Ball Arena,https://statsdmz.nba.com/pdfs/20250205/20250205_NOPDEN_book.pdf,7:10 PM
"Wed, Feb 5, 2025",Golden State Warriors,Utah Jazz,Delta Center,https://statsdmz.nba.com/pdfs/20250205/20250205_GSWUTA_book.pdf,7:11 PM
"Wed, Feb 5, 2025",Phoenix Suns,Oklahoma City Thunder,Paycom Center,https://statsdmz.nba.com/pdfs/20250205/20250205_PHXOKC_book.pdf,8:43 PM
"Wed, Feb 5, 2025",Orlando Magic,Sacramento Kings,Golden 1 Center,https://statsdmz.nba.com/pdfs/20250205/20250205_ORLSAC_book.pdf,7:12 PM
"Thu, Feb 6, 2025",Dallas Mavericks,Boston Celtics,TD Garden,https://statsdmz.nba.com/pdfs/20250206/20250206_DALBOS_book.pdf,7:35 PM
"Thu, Feb 6, 2025",Houston Rockets,Minnesota Timberwolves,Target Center,https://statsdmz.nba.com/pdfs/20250206/20250206_HOUMIN_book.pdf,7:10 PM
"Thu, Feb 6, 2025",Orlando Magic,Denver Nuggets,Ball Arena,https://statsdmz.nba.com/pdfs/20250206/20250206_ORLDEN_book.pdf,7:10 PM
"Thu, Feb 6, 2025",Golden State Warriors,Los Angeles Lakers,Crypto.com Arena,https://statsdmz.nba.com/pdfs/20250206/20250206_GSWLAL_book.pdf,7:06 PM
"Thu, Feb 6, 2025",Sacramento Kings,Portland Trail Blazers,Moda Center,https://statsdmz.nba.com/pdfs/20250206/20250206_SACPOR_book.pdf,7:13 PM
"Thu, Feb 6, 2025",Indiana Pacers,Los Angeles Clippers,Intuit Dome,https://statsdmz.nba.com/pdfs/20250206/20250206_INDLAC_book.pdf,7:40 PM
"Fri, Feb 7, 2025",San Antonio Spurs,Charlotte Hornets,Spectrum Center,https://statsdmz.nba.com/pdfs/20250207/20250207_SASCHA_book.pdf,7:12 PM
"Fri, Feb 7, 2025",Cleveland Cavaliers,Washington Wizards,Capital One Arena,https://statsdmz.nba.com/pdfs/20250207/20250207_CLEWAS_book.pdf,7:13 PM
"Fri, Feb 7, 2025",Milwaukee Bucks,Atlanta Hawks,State Farm Arena,https://statsdmz.nba.com/pdfs/20250207/20250207_MILATL_book.pdf,7:40 PM
"Fri, Feb 7, 2025",Miami Heat,Brooklyn Nets,Barclays Center,https://statsdmz.nba.com/pdfs/20250207/20250207_MIABKN_book.pdf,7:41 PM
"Fri, Feb 7, 2025",Philadelphia 76ers,Detroit Pistons,Little Caesars Arena,https://statsdmz.nba.com/pdfs/20250207/20250207_PHIDET_book.pdf,7:43 PM
"Fri, Feb 7, 2025",Toronto Raptors,Oklahoma City Thunder,Paycom Center,https://statsdmz.nba.com/pdfs/20250207/20250207_TOROKC_book.pdf,7:12 PM
"Fri, Feb 7, 2025",Utah Jazz,Phoenix Suns,Footprint Center,https://statsdmz.nba.com/pdfs/20250207/20250207_UTAPHX_book.pdf,8:10 PM
"Sat, Feb 8, 2025",Houston Rockets,Dallas Mavericks,American Airlines Center,https://statsdmz.nba.com/pdfs/20250208/20250208_HOUDAL_book.pdf,2:11 PM
"Sat, Feb 8, 2025",Indiana Pacers,Los Angeles Lakers,Crypto.com Arena,https://statsdmz.nba.com/pdfs/20250208/20250208_INDLAL_book.pdf,1:15 PM
"Sat, Feb 8, 2025",San Antonio Spurs,Orlando Magic,Kia Center,https://statsdmz.nba.com/pdfs/20250208/20250208_SASORL_book.pdf,7:10 PM
"Sat, Feb 8, 2025",Atlanta Hawks,Washington Wizards,Capital One Arena,https://statsdmz.nba.com/pdfs/20250208/20250208_ATLWAS_book.pdf,7:10 PM
"Sat, Feb 8, 2025",Golden State Warriors,Chicago Bulls,United Center,https://statsdmz.nba.com/pdfs/20250208/20250208_GSWCHI_book.pdf,7:13 PM
"Sat, Feb 8, 2025",Oklahoma City Thunder,Memphis Grizzlies,FedExForum,https://statsdmz.nba.com/pdfs/20250208/20250208_OKCMEM_book.pdf,7:11 PM
"Sat, Feb 8, 2025",Portland Trail Blazers,Minnesota Timberwolves,Target Center,https://statsdmz.nba.com/pdfs/20250208/20250208_PORMIN_book.pdf,7:10 PM
"Sat, Feb 8, 2025",Boston Celtics,New York Knicks,Madison Square Garden,https://statsdmz.nba.com/pdfs/20250208/20250208_BOSNYK_book.pdf,8:41 PM
"Sat, Feb 8, 2025",Denver Nuggets,Phoenix Suns,Footprint Center,https://statsdmz.nba.com/pdfs/20250208/20250208_DENPHX_book.pdf,7:10 PM
"Sat, Feb 8, 2025",New Orleans Pelicans,Sacramento Kings,Golden 1 Center,https://statsdmz.nba.com/pdfs/20250208/20250208_NOPSAC_book.pdf,7:10 PM
"Sat, Feb 8, 2025",Utah Jazz,Los Angeles Clippers,Intuit Dome,https://statsdmz.nba.com/pdfs/20250208/20250208_UTALAC_book.pdf,7:41 PM
"Sun, Feb 9, 2025",Charlotte Hornets,Detroit Pistons,Little Caesars Arena,https://statsdmz.nba.com/pdfs/20250209/20250209_CHADET_book.pdf,1:11 PM
"Sun, Feb 9, 2025",Toronto Raptors,Houston Rockets,Toyota Center,https://statsdmz.nba.com/pdfs/20250209/20250209_TORHOU_book.pdf,1:13 PM
"Sun, Feb 9, 2025",Philadelphia 76ers,Milwaukee Bucks,Fiserv Forum,https://statsdmz.nba.com/pdfs/20250209/20250209_PHIMIL_book.pdf,1:11 PM
"Mon, Feb 10, 2025",Minnesota Timberwolves,Cleveland Cavaliers,Rocket Mortgage FieldHouse,https://statsdmz.nba.com/pdfs/20250210/20250210_MINCLE_book.pdf,7:11 PM
"Mon, Feb 10, 2025",Atlanta Hawks,Orlando Magic,Kia Center,https://statsdmz.nba.com/pdfs/20250210/20250210_ATLORL_book.pdf,7:12 PM
"Mon, Feb 10, 2025",San Antonio Spurs,Washington Wizards,Capital One Arena,https://statsdmz.nba.com/pdfs/20250210/20250210_SASWAS_book.pdf,7:11 PM
"Mon, Feb 10, 2025",Charlotte Hornets,Brooklyn Nets,Barclays Center,https://statsdmz.nba.com/pdfs/20250210/20250210_CHABKN_book.pdf,7:40 PM
"Mon, Feb 10, 2025",Boston Celtics,Miami Heat,Kaseya Center,https://statsdmz.nba.com/pdfs/20250210/20250210_BOSMIA_book.pdf,7:43 PM
"Mon, Feb 10, 2025",Golden State Warriors,Milwaukee Bucks,Fiserv Forum,https://statsdmz.nba.com/pdfs/20250210/20250210_GSWMIL_book.pdf,7:13 PM
"Mon, Feb 10, 2025",New Orleans Pelicans,Oklahoma City Thunder,Paycom Center,https://statsdmz.nba.com/pdfs/20250210/20250210_NOPOKC_book.pdf,7:10 PM
"Mon, Feb 10, 2025",Sacramento Kings,Dallas Mavericks,American Airlines Center,https://statsdmz.nba.com/pdfs/20250210/20250210_SACDAL_book.pdf,7:40 PM
"Mon, Feb 10, 2025",Portland Trail Blazers,Denver Nuggets,Ball Arena,https://statsdmz.nba.com/pdfs/20250210/20250210_PORDEN_book.pdf,7:10 PM
"Mon, Feb 10, 2025",Utah Jazz,Los Angeles Lakers,Crypto.com Arena,https://statsdmz.nba.com/pdfs/20250210/20250210_UTALAL_book.pdf,7:44 PM
"Tue, Feb 11, 2025",Toronto Raptors,Philadelphia 76ers,Wells Fargo Center,https://statsdmz.nba.com/pdfs/20250211/20250211_TORPHI_book.pdf,7:12 PM
"Tue, Feb 11, 2025",New York Knicks,Indiana Pacers,Gainbridge Fieldhouse,https://statsdmz.nba.com/pdfs/20250211/20250211_NYKIND_book.pdf,7:35 PM
"Tue, Feb 11, 2025",Detroit Pistons,Chicago Bulls,United Center,https://statsdmz.nba.com/pdfs/20250211/20250211_DETCHI_book.pdf,7:12 PM
"Tue, Feb 11, 2025",Memphis Grizzlies,Phoenix Suns,Footprint Center,https://statsdmz.nba.com/pdfs/20250211/20250211_MEMPHX_book.pdf,8:10 PM
"Wed, Feb 12, 2025",San Antonio Spurs,Boston Celtics,TD Garden,https://statsdmz.nba.com/pdfs/20250212/20250212_SASBOS_book.pdf,7:13 PM
"Wed, Feb 12, 2025",Charlotte Hornets,Orlando Magic,Kia Center,https://statsdmz.nba.com/pdfs/20250212/20250212_CHAORL_book.pdf,7:10 PM
"Wed, Feb 12, 2025",Indiana Pacers,Washington Wizards,Capital One Arena,https://statsdmz.nba.com/pdfs/20250212/20250212_INDWAS_book.pdf,7:11 PM
"Wed, Feb 12, 2025",Philadelphia 76ers,Brooklyn Nets,Barclays Center,https://statsdmz.nba.com/pdfs/20250212/20250212_PHIBKN_book.pdf,7:41 PM
"Wed, Feb 12, 2025",Atlanta Hawks,New York Knicks,Madison Square Garden,https://statsdmz.nba.com/pdfs/20250212/20250212_ATLNYK_book.pdf,7:41 PM
"Wed, Feb 12, 2025",Cleveland Cavaliers,Toronto Raptors,Scotiabank Arena,https://statsdmz.nba.com/pdfs/20250212/20250212_CLETOR_book.pdf,7:42 PM
"Wed, Feb 12, 2025",Detroit Pistons,Chicago Bulls,United Center,https://statsdmz.nba.com/pdfs/20250212/20250212_DETCHI_book.pdf,7:12 PM
"Wed, Feb 12, 2025",Milwaukee Bucks,Minnesota Timberwolves,Target Center,https://statsdmz.nba.com/pdfs/20250212/20250212_MILMIN_book.pdf,7:10 PM
"Wed, Feb 12, 2025",Sacramento Kings,New Orleans Pelicans,Smoothie King Center,https://statsdmz.nba.com/pdfs/20250212/20250212_SACNOP_book.pdf,7:10 PM
"Wed, Feb 12, 2025",Miami Heat,Oklahoma City Thunder,Paycom Center,https://statsdmz.nba.com/pdfs/20250212/20250212_MIAOKC_book.pdf,7:11 PM
"Wed, Feb 12, 2025",Phoenix Suns,Houston Rockets,Toyota Center,https://statsdmz.nba.com/pdfs/20250212/20250212_PHXHOU_book.pdf,7:41 PM
"Wed, Feb 12, 2025",Portland Trail Blazers,Denver Nuggets,Ball Arena,https://statsdmz.nba.com/pdfs/20250212/20250212_PORDEN_book.pdf,7:11 PM
"Wed, Feb 12, 2025",Los Angeles Lakers,Utah Jazz,Delta Center,https://statsdmz.nba.com/pdfs/20250212/20250212_LALUTA_book.pdf,7:10 PM
"Wed, Feb 12, 2025",Golden State Warriors,Dallas Mavericks,American Airlines Center,https://statsdmz.nba.com/pdfs/20250212/20250212_GSWDAL_book.pdf,8:44 PM
"Wed, Feb 12, 2025",Memphis Grizzlies,Los Angeles Clippers,Intuit Dome,https://statsdmz.nba.com/pdfs/20250212/20250212_MEMLAC_book.pdf,7:40 PM
"Thu, Feb 13, 2025",Golden State Warriors,Houston Rockets,Toyota Center,https://statsdmz.nba.com/pdfs/20250213/20250213_GSWHOU_book.pdf,7:10 PM
"Thu, Feb 13, 2025",Sacramento Kings,New Orleans Pelicans,Smoothie King Center,https://statsdmz.nba.com/pdfs/20250213/20250213_SACNOP_book.pdf,7:10 PM
"Thu, Feb 13, 2025",Miami Heat,Dallas Mavericks,American Airlines Center,https://statsdmz.nba.com/pdfs/20250213/20250213_MIADAL_book.pdf,7:40 PM
"Thu, Feb 13, 2025",Oklahoma City Thunder,Minnesota Timberwolves,Target Center,https://statsdmz.nba.com/pdfs/20250213/20250213_OKCMIN_book.pdf,7:35 PM
"Thu, Feb 13, 2025",Los Angeles Clippers,Utah Jazz,Delta Center,https://statsdmz.nba.com/pdfs/20250213/20250213_LACUTA_book.pdf,7:10 PM
"Wed, Feb 19, 2025",Charlotte Hornets,Los Angeles Lakers,Crypto.com Arena,https://statsdmz.nba.com/pdfs/20250219/20250219_CHALAL_book.pdf,7:10 PM
"Thu, Feb 20, 2025",Memphis Grizzlies,Indiana Pacers,Gainbridge Fieldhouse,https://statsdmz.nba.com/pdfs/20250220/20250220_MEMIND_book.pdf,7:10 PM
"Thu, Feb 20, 2025",Boston Celtics,Philadelphia 76ers,Wells Fargo Center,https://statsdmz.nba.com/pdfs/20250220/20250220_BOSPHI_book.pdf,7:06 PM
"Thu, Feb 20, 2025",Orlando Magic,Atlanta Hawks,State Farm Arena,https://statsdmz.nba.com/pdfs/20250220/20250220_ORLATL_book.pdf,7:40 PM
"Thu, Feb 20, 2025",Cleveland Cavaliers,Brooklyn Nets,Barclays Center,https://statsdmz.nba.com/pdfs/20250220/20250220_CLEBKN_book.pdf,7:41 PM
"Thu, Feb 20, 2025",Chicago Bulls,New York Knicks,Madison Square Garden,https://statsdmz.nba.com/pdfs/20250220/20250220_CHINYK_book.pdf,7:41 PM
"Thu, Feb 20, 2025",Los Angeles Clippers,Milwaukee Bucks,Fiserv Forum,https://statsdmz.nba.com/pdfs/20250220/20250220_LACMIL_book.pdf,7:12 PM
"Thu, Feb 20, 2025",Charlotte Hornets,Denver Nuggets,Ball Arena,https://statsdmz.nba.com/pdfs/20250220/20250220_CHADEN_book.pdf,7:11 PM
"Thu, Feb 20, 2025",Phoenix Suns,San Antonio Spurs,Frost Bank Center,https://statsdmz.nba.com/pdfs/20250220/20250220_PHXSAS_book.pdf,8:35 PM
"Thu, Feb 20, 2025",Los Angeles Lakers,Portland Trail Blazers,Moda Center,https://statsdmz.nba.com/pdfs/20250220/20250220_LALPOR_book.pdf,7:11 PM
"Fri, Feb 21, 2025",New York Knicks,Cleveland Cavaliers,Rocket Mortgage FieldHouse,https://statsdmz.nba.com/pdfs/20250221/20250221_NYKCLE_book.pdf,7:13 PM
"Fri, Feb 21, 2025",Memphis Grizzlies,Orlando Magic,Kia Center,https://statsdmz.nba.com/pdfs/20250221/20250221_MEMORL_book.pdf,7:11 PM
"Fri, Feb 21, 2025",Milwaukee Bucks,Washington Wizards,Capital One Arena,https://statsdmz.nba.com/pdfs/20250221/20250221_MILWAS_book.pdf,7:10 PM
"Fri, Feb 21, 2025",Miami Heat,Toronto Raptors,Scotiabank Arena,https://statsdmz.nba.com/pdfs/20250221/20250221_MIATOR_book.pdf,7:42 PM
"Fri, Feb 21, 2025",New Orleans Pelicans,Dallas Mavericks,American Airlines Center,https://statsdmz.nba.com/pdfs/20250221/20250221_NOPDAL_book.pdf,7:42 PM
"Fri, Feb 21, 2025",Detroit Pistons,San Antonio Spurs,Frost Bank Center,https://statsdmz.nba.com/pdfs/20250221/20250221_DETSAS_book.pdf,7:40 PM
"Fri, Feb 21, 2025",Minnesota Timberwolves,Houston Rockets,Toyota Center,https://statsdmz.nba.com/pdfs/20250221/20250221_MINHOU_book.pdf,8:44 PM
"Fri, Feb 21, 2025",Oklahoma City Thunder,Utah Jazz,Delta Center,https://statsdmz.nba.com/pdfs/20250221/20250221_OKCUTA_book.pdf,7:41 PM
"Fri, Feb 21, 2025",Golden State Warriors,Sacramento Kings,Golden 1 Center,https://statsdmz.nba.com/pdfs/20250221/20250221_GSWSAC_book.pdf,7:10 PM
"Sat, Feb 22, 2025",Phoenix Suns,Chicago Bulls,United Center,https://statsdmz.nba.com/pdfs/20250222/20250222_PHXCHI_book.pdf,4:12 PM
"Sat, Feb 22, 2025",Brooklyn Nets,Philadelphia 76ers,Wells Fargo Center,https://statsdmz.nba.com/pdfs/20250222/20250222_BKNPHI_book.pdf,7:41 PM
"Sat, Feb 22, 2025",Los Angeles Lakers,Denver Nuggets,Ball Arena,https://statsdmz.nba.com/pdfs/20250222/20250222_LALDEN_book.pdf,6:41 PM
"Sat, Feb 22, 2025",Houston Rockets,Utah Jazz,Delta Center,https://statsdmz.nba.com/pdfs/20250222/20250222_HOUUTA_book.pdf,7:41 PM
"Sat, Feb 22, 2025",Charlotte Hornets,Portland Trail Blazers,Moda Center,https://statsdmz.nba.com/pdfs/20250222/20250222_CHAPOR_book.pdf,7:13 PM
"Sun, Feb 23, 2025",New York Knicks,Boston Celtics,TD Garden,https://statsdmz.nba.com/pdfs/20250223/20250223_NYKBOS_book.pdf,1:11 PM
"Sun, Feb 23, 2025",Dallas Mavericks,Golden State Warriors,Chase Center,https://statsdmz.nba.com/pdfs/20250223/20250223_DALGSW_book.pdf,12:40 PM
"Sun, Feb 23, 2025",Los Angeles Clippers,Indiana Pacers,Gainbridge Fieldhouse,https://statsdmz.nba.com/pdfs/20250223/20250223_LACIND_book.pdf,5:10 PM
"Sun, Feb 23, 2025",Detroit Pistons,Atlanta Hawks,State Farm Arena,https://statsdmz.nba.com/pdfs/20250223/20250223_DETATL_book.pdf,6:11 PM
"Sun, Feb 23, 2025",Miami Heat,Milwaukee Bucks,Fiserv Forum,https://statsdmz.nba.com/pdfs/20250223/20250223_MIAMIL_book.pdf,5:13 PM
"Sun, Feb 23, 2025",Washington Wizards,Orlando Magic,Kia Center,https://statsdmz.nba.com/pdfs/20250223/20250223_WASORL_book.pdf,6:10 PM
"Sun, Feb 23, 2025",Phoenix Suns,Toronto Raptors,Scotiabank Arena,https://statsdmz.nba.com/pdfs/20250223/20250223_PHXTOR_book.pdf,6:12 PM
"Sun, Feb 23, 2025",Memphis Grizzlies,Cleveland Cavaliers,Rocket Mortgage FieldHouse,https://statsdmz.nba.com/pdfs/20250223/20250223_MEMCLE_book.pdf,7:14 PM
"Sun, Feb 23, 2025",San Antonio Spurs,New Orleans Pelicans,Smoothie King Center,https://statsdmz.nba.com/pdfs/20250223/20250223_SASNOP_book.pdf,6:10 PM
"Sun, Feb 23, 2025",Oklahoma City Thunder,Minnesota Timberwolves,Target Center,https://statsdmz.nba.com/pdfs/20250223/20250223_OKCMIN_book.pdf,8:51 PM
"Mon, Feb 24, 2025",Los Angeles Clippers,Detroit Pistons,Little Caesars Arena,https://statsdmz.nba.com/pdfs/20250224/20250224_LACDET_book.pdf,7:10 PM
"Mon, Feb 24, 2025",Denver Nuggets,Indiana Pacers,Gainbridge Fieldhouse,https://statsdmz.nba.com/pdfs/20250224/20250224_DENIND_book.pdf,7:10 PM
"Mon, Feb 24, 2025",Chicago Bulls,Philadelphia 76ers,Wells Fargo Center,https://statsdmz.nba.com/pdfs/20250224/20250224_CHIPHI_book.pdf,7:11 PM
"Mon, Feb 24, 2025",Brooklyn Nets,Washington Wizards,Capital One Arena,https://statsdmz.nba.com/pdfs/20250224/20250224_BKNWAS_book.pdf,7:10 PM
"Mon, Feb 24, 2025",Miami Heat,Atlanta Hawks,State Farm Arena,https://statsdmz.nba.com/pdfs/20250224/20250224_MIAATL_book.pdf,7:40 PM
"Mon, Feb 24, 2025",Minnesota Timberwolves,Oklahoma City Thunder,Paycom Center,https://statsdmz.nba.com/pdfs/20250224/20250224_MINOKC_book.pdf,7:10 PM
"Mon, Feb 24, 2025",Portland Trail Blazers,Utah Jazz,Delta Center,https://statsdmz.nba.com/pdfs/20250224/20250224_PORUTA_book.pdf,7:10 PM
"Mon, Feb 24, 2025",Charlotte Hornets,Sacramento Kings,Golden 1 Center,https://statsdmz.nba.com/pdfs/20250224/20250224_CHASAC_book.pdf,7:10 PM
"Tue, Feb 25, 2025",Boston Celtics,Toronto Raptors,Scotiabank Arena,https://statsdmz.nba.com/pdfs/20250225/20250225_BOSTOR_book.pdf,7:12 PM
"Tue, Feb 25, 2025",Cleveland Cavaliers,Orlando Magic,Kia Center,https://statsdmz.nba.com/pdfs/20250225/20250225_CLEORL_book.pdf,7:36 PM
"Tue, Feb 25, 2025",Milwaukee Bucks,Houston Rockets,Toyota Center,https://statsdmz.nba.com/pdfs/20250225/20250225_MILHOU_book.pdf,7:10 PM
"Tue, Feb 25, 2025",Phoenix Suns,Memphis Grizzlies,FedExForum,https://statsdmz.nba.com/pdfs/20250225/20250225_PHXMEM_book.pdf,7:10 PM
"Tue, Feb 25, 2025",San Antonio Spurs,New Orleans Pelicans,Smoothie King Center,https://statsdmz.nba.com/pdfs/20250225/20250225_SASNOP_book.pdf,7:10 PM
"Tue, Feb 25, 2025",Charlotte Hornets,Golden State Warriors,Chase Center,https://statsdmz.nba.com/pdfs/20250225/20250225_CHAGSW_book.pdf,7:12 PM
"Tue, Feb 25, 2025",Dallas Mavericks,Los Angeles Lakers,Crypto.com Arena,https://statsdmz.nba.com/pdfs/20250225/20250225_DALLAL_book.pdf,7:06 PM
"Wed, Feb 26, 2025",Boston Celtics,Detroit Pistons,Little Caesars Arena,https://statsdmz.nba.com/pdfs/20250226/20250226_BOSDET_book.pdf,7:10 PM
"Wed, Feb 26, 2025",Toronto Raptors,Indiana Pacers,Gainbridge Fieldhouse,https://statsdmz.nba.com/pdfs/20250226/20250226_TORIND_book.pdf,7:12 PM
"Wed, Feb 26, 2025",Philadelphia 76ers,New York Knicks,Madison Square Garden,https://statsdmz.nba.com/pdfs/20250226/20250226_PHINYK_book.pdf,7:13 PM
"Wed, Feb 26, 2025",Portland Trail Blazers,Washington Wizards,Capital One Arena,https://statsdmz.nba.com/pdfs/20250226/20250226_PORWAS_book.pdf,7:10 PM
"Wed, Feb 26, 2025",Oklahoma City Thunder,Brooklyn Nets,Barclays Center,https://statsdmz.nba.com/pdfs/20250226/20250226_OKCBKN_book.pdf,7:40 PM
"Wed, Feb 26, 2025",Atlanta Hawks,Miami Heat,Kaseya Center,https://statsdmz.nba.com/pdfs/20250226/20250226_ATLMIA_book.pdf,7:44 PM
"Wed, Feb 26, 2025",Los Angeles Clippers,Chicago Bulls,United Center,https://statsdmz.nba.com/pdfs/20250226/20250226_LACCHI_book.pdf,7:12 PM
"Wed, Feb 26, 2025",Sacramento Kings,Utah Jazz,Delta Center,https://statsdmz.nba.com/pdfs/20250226/20250226_SACUTA_book.pdf,7:10 PM
"Wed, Feb 26, 2025",San Antonio Spurs,Houston Rockets,Toyota Center,https://statsdmz.nba.com/pdfs/20250226/20250226_SASHOU_book.pdf,8:50 PM
"Thu, Feb 27, 2025",Golden State Warriors,Orlando Magic,Kia Center,https://statsdmz.nba.com/pdfs/20250227/20250227_GSWORL_book.pdf,7:10 PM
"Thu, Feb 27, 2025",Denver Nuggets,Milwaukee Bucks,Fiserv Forum,https://statsdmz.nba.com/pdfs/20250227/20250227_DENMIL_book.pdf,7:06 PM
"Thu, Feb 27, 2025",Charlotte Hornets,Dallas Mavericks,American Airlines Center,https://statsdmz.nba.com/pdfs/20250227/20250227_CHADAL_book.pdf,7:40 PM
"Thu, Feb 27, 2025",New Orleans Pelicans,Phoenix Suns,Footprint Center,https://statsdmz.nba.com/pdfs/20250227/20250227_NOPPHX_book.pdf,7:10 PM
"Thu, Feb 27, 2025",Minnesota Timberwolves,Los Angeles Lakers,Crypto.com Arena,https://statsdmz.nba.com/pdfs/20250227/20250227_MINLAL_book.pdf,7:41 PM
"Fri, Feb 28, 2025",Denver Nuggets,Detroit Pistons,Little Caesars Arena,https://statsdmz.nba.com/pdfs/20250228/20250228_DENDET_book.pdf,7:11 PM
"Fri, Feb 28, 2025",Oklahoma City Thunder,Atlanta Hawks,State Farm Arena,https://statsdmz.nba.com/pdfs/20250228/20250228_OKCATL_book.pdf,7:40 PM
"Fri, Feb 28, 2025",Cleveland Cavaliers,Boston Celtics,TD Garden,https://statsdmz.nba.com/pdfs/20250228/20250228_CLEBOS_book.pdf,7:43 PM
"Fri, Feb 28, 2025",Portland Trail Blazers,Brooklyn Nets,Barclays Center,https://statsdmz.nba.com/pdfs/20250228/20250228_PORBKN_book.pdf,7:41 PM
"Fri, Feb 28, 2025",Toronto Raptors,Chicago Bulls,United Center,https://statsdmz.nba.com/pdfs/20250228/20250228_TORCHI_book.pdf,7:11 PM
"Fri, Feb 28, 2025",New York Knicks,Memphis Grizzlies,FedExForum,https://statsdmz.nba.com/pdfs/20250228/20250228_NYKMEM_book.pdf,7:10 PM
"Fri, Feb 28, 2025",Indiana Pacers,Miami Heat,Kaseya Center,https://statsdmz.nba.com/pdfs/20250228/20250228_INDMIA_book.pdf,8:12 PM
"Fri, Feb 28, 2025",New Orleans Pelicans,Phoenix Suns,Footprint Center,https://statsdmz.nba.com/pdfs/20250228/20250228_NOPPHX_book.pdf,7:10 PM
"Fri, Feb 28, 2025",Minnesota Timberwolves,Utah Jazz,Delta Center,https://statsdmz.nba.com/pdfs/20250228/20250228_MINUTA_book.pdf,7:40 PM
"Fri, Feb 28, 2025",Los Angeles Clippers,Los Angeles Lakers,Crypto.com Arena,https://statsdmz.nba.com/pdfs/20250228/20250228_LACLAL_book.pdf,7:13 PM
"Mon, Mar 3, 2025",Atlanta Hawks,Charlotte Hornets,Spectrum Center,https://statsdmz.nba.com/pdfs/20250303/20250303_ATLCHA_book.pdf,Not Found
"Sun, Mar 16, 2025",Atlanta Hawks,Detroit Pistons,Little Caesars Arena,https://statsdmz.nba.com/pdfs/20250316/20250316_ATLDET_book.pdf,Not Found
"Tue, Mar 18, 2025",Atlanta Hawks,Houston Rockets,Toyota Center,https://statsdmz.nba.com/pdfs/20250318/20250318_ATLHOU_book.pdf,Not Found
"Tue, Mar 25, 2025",Atlanta Hawks,Memphis Grizzlies,FedExForum,https://statsdmz.nba.com/pdfs/20250325/20250325_ATLMEM_book.pdf,Not Found
"Thu, Mar 27, 2025",Atlanta Hawks,Dallas Mavericks,American Airlines Center,https://statsdmz.nba.com/pdfs/20250327/20250327_ATLDAL_book.pdf,Not Found
"Sun, Mar 30, 2025",Atlanta Hawks,Philadelphia 76ers,Wells Fargo Center,https://statsdmz.nba.com/pdfs/20250330/20250330_ATLPHI_book.pdf,Not Found
"Fri, Mar 14, 2025",Boston Celtics,Boston Celtics,TD Garden,https://statsdmz.nba.com/pdfs/20250314/20250314_BOSBOS_book.pdf,Not Found
"Sat, Mar 15, 2025",Boston Celtics,Cleveland Cavaliers,Rocket Mortgage FieldHouse,https://statsdmz.nba.com/pdfs/20250315/20250315_BOSCLE_book.pdf,Not Found
"Fri, Mar 21, 2025",Boston Celtics,Indiana Pacers,Gainbridge Fieldhouse,https://statsdmz.nba.com/pdfs/20250321/20250321_BOSIND_book.pdf,Not Found
"Sun, Mar 23, 2025",Boston Celtics,Miami Heat,Kaseya Center,https://statsdmz.nba.com/pdfs/20250323/20250323_BOSMIA_book.pdf,Not Found
"Mon, Mar 24, 2025",Boston Celtics,Orlando Magic,Kia Center,https://statsdmz.nba.com/pdfs/20250324/20250324_BOSORL_book.pdf,Not Found
"Wed, Mar 26, 2025",Boston Celtics,San Antonio Spurs,Frost Bank Center,https://statsdmz.nba.com/pdfs/20250326/20250326_BOSSAS_book.pdf,Not Found
"Sat, Mar 29, 2025",Boston Celtics,Utah Jazz,Delta Center,https://statsdmz.nba.com/pdfs/20250329/20250329_BOSUTA_book.pdf,Not Found
"Mon, Mar 31, 2025",Boston Celtics,Los Angeles Lakers,Crypto.com Arena,https://statsdmz.nba.com/pdfs/20250331/20250331_BOSLAL_book.pdf,Not Found
"Sat, Mar 1, 2025",Brooklyn Nets,Phoenix Suns,Footprint Center,https://statsdmz.nba.com/pdfs/20250301/20250301_BKNPHX_book.pdf,Not Found
"Tue, Mar 4, 2025",Brooklyn Nets,Charlotte Hornets,Spectrum Center,https://statsdmz.nba.com/pdfs/20250304/20250304_BKNCHA_book.pdf,Not Found
"Sat, Mar 8, 2025",Brooklyn Nets,Philadelphia 76ers,Wells Fargo Center,https://statsdmz.nba.com/pdfs/20250308/20250308_BKNPHI_book.pdf,Not Found
"Tue, Mar 11, 2025",Brooklyn Nets,Miami Heat,Kaseya Center,https://statsdmz.nba.com/pdfs/20250311/20250311_BKNMIA_book.pdf,Not Found
"Thu, Mar 13, 2025",Brooklyn Nets,Memphis Grizzlies,FedExForum,https://statsdmz.nba.com/pdfs/20250313/20250313_BKNMEM_book.pdf,Not Found
"Tue, Mar 18, 2025",Brooklyn Nets,Oklahoma City Thunder,Paycom Center,https://statsdmz.nba.com/pdfs/20250318/20250318_BKNOKC_book.pdf,Not Found
"Thu, Mar 20, 2025",Brooklyn Nets,Dallas Mavericks,American Airlines Center,https://statsdmz.nba.com/pdfs/20250320/20250320_BKNDAL_book.pdf,Not Found
"Sat, Mar 22, 2025",Brooklyn Nets,Utah Jazz,Delta Center,https://statsdmz.nba.com/pdfs/20250322/20250322_BKNUTA_book.pdf,Not Found
"Sat, Mar 29, 2025",Brooklyn Nets,Indiana Pacers,Gainbridge Fieldhouse,https://statsdmz.nba.com/pdfs/20250329/20250329_BKNIND_book.pdf,Not Found
"Mon, Mar 31, 2025",Brooklyn Nets,Orlando Magic,Kia Center,https://statsdmz.nba.com/pdfs/20250331/20250331_BKNORL_book.pdf,Not Found
"Sun, Mar 2, 2025",Chicago Bulls,Atlanta Hawks,State Farm Arena,https://statsdmz.nba.com/pdfs/20250302/20250302_CHIATL_book.pdf,Not Found
"Thu, Mar 6, 2025",Chicago Bulls,New York Knicks,Madison Square Garden,https://statsdmz.nba.com/pdfs/20250306/20250306_CHINYK_book.pdf,Not Found
"Sat, Mar 8, 2025",Chicago Bulls,Chicago Bulls,United Center,https://statsdmz.nba.com/pdfs/20250308/20250308_CHICHI_book.pdf,Not Found
"Sat, Mar 15, 2025",Chicago Bulls,Minnesota Timberwolves,Target Center,https://statsdmz.nba.com/pdfs/20250315/20250315_CHIMIN_book.pdf,Not Found
"Mon, Mar 17, 2025",Chicago Bulls,San Antonio Spurs,Frost Bank Center,https://statsdmz.nba.com/pdfs/20250317/20250317_CHISAS_book.pdf,Not Found
"Wed, Mar 19, 2025",Chicago Bulls,Phoenix Suns,Footprint Center,https://statsdmz.nba.com/pdfs/20250319/20250319_CHIPHX_book.pdf,7:10 PM
"Thu, Mar 20, 2025",Chicago Bulls,Los Angeles Lakers,Crypto.com Arena,https://statsdmz.nba.com/pdfs/20250320/20250320_CHILAL_book.pdf,Not Found
"Sat, Mar 22, 2025",Chicago Bulls,Boston Celtics,TD Garden,https://statsdmz.nba.com/pdfs/20250322/20250322_CHIBOS_book.pdf,Not Found
"Mon, Mar 24, 2025",Chicago Bulls,Charlotte Hornets,Spectrum Center,https://statsdmz.nba.com/pdfs/20250324/20250324_CHICHA_book.pdf,Not Found
"Mon, Mar 31, 2025",Chicago Bulls,Cleveland Cavaliers,Rocket Mortgage FieldHouse,https://statsdmz.nba.com/pdfs/20250331/20250331_CHICLE_book.pdf,Not Found
"Mon, Mar 10, 2025",Charlotte Hornets,Washington Wizards,Capital One Arena,https://statsdmz.nba.com/pdfs/20250310/20250310_CHAWAS_book.pdf,Not Found
"Wed, Mar 12, 2025",Charlotte Hornets,Milwaukee Bucks,Fiserv Forum,https://statsdmz.nba.com/pdfs/20250312/20250312_CHAMIL_book.pdf,Not Found
"Fri, Mar 14, 2025",Charlotte Hornets,Denver Nuggets,Ball Arena,https://statsdmz.nba.com/pdfs/20250314/20250314_CHADEN_book.pdf,Not Found
"Sun, Mar 16, 2025",Charlotte Hornets,Memphis Grizzlies,FedExForum,https://statsdmz.nba.com/pdfs/20250316/20250316_CHAMEM_book.pdf,Not Found
"Fri, Mar 21, 2025",Charlotte Hornets,Los Angeles Clippers,Intuit Dome,https://statsdmz.nba.com/pdfs/20250321/20250321_CHALAC_book.pdf,Not Found
"Sun, Mar 23, 2025",Charlotte Hornets,Orlando Magic,Kia Center,https://statsdmz.nba.com/pdfs/20250323/20250323_CHAORL_book.pdf,Not Found
"Fri, Mar 28, 2025",Charlotte Hornets,Atlanta Hawks,State Farm Arena,https://statsdmz.nba.com/pdfs/20250328/20250328_CHAATL_book.pdf,Not Found
"Sun, Mar 30, 2025",Charlotte Hornets,Boston Celtics,TD Garden,https://statsdmz.nba.com/pdfs/20250330/20250330_CHABOS_book.pdf,Not Found
"Tue, Mar 4, 2025",Cleveland Cavaliers,Brooklyn Nets,Barclays Center,https://statsdmz.nba.com/pdfs/20250304/20250304_CLEBKN_book.pdf,Not Found
"Fri, Mar 7, 2025",Cleveland Cavaliers,New Orleans Pelicans,Smoothie King Center,https://statsdmz.nba.com/pdfs/20250307/20250307_CLENOP_book.pdf,Not Found
"Sun, Mar 9, 2025",Cleveland Cavaliers,Los Angeles Lakers,Crypto.com Arena,https://statsdmz.nba.com/pdfs/20250309/20250309_CLELAL_book.pdf,Not Found
"Fri, Mar 14, 2025",Cleveland Cavaliers,Charlotte Hornets,Spectrum Center,https://statsdmz.nba.com/pdfs/20250314/20250314_CLECHA_book.pdf,Not Found
"Tue, Mar 18, 2025",Cleveland Cavaliers,Dallas Mavericks,American Airlines Center,https://statsdmz.nba.com/pdfs/20250318/20250318_CLEDAL_book.pdf,Not Found
"Wed, Mar 19, 2025",Cleveland Cavaliers,Toronto Raptors,Scotiabank Arena,https://statsdmz.nba.com/pdfs/20250319/20250319_CLETOR_book.pdf,Not Found
"Fri, Mar 21, 2025",Cleveland Cavaliers,Miami Heat,Kaseya Center,https://statsdmz.nba.com/pdfs/20250321/20250321_CLEMIA_book.pdf,Not Found
"Sun, Mar 23, 2025",Cleveland Cavaliers,Oklahoma City Thunder,Paycom Center,https://statsdmz.nba.com/pdfs/20250323/20250323_CLEOKC_book.pdf,Not Found
"Tue, Mar 25, 2025",Cleveland Cavaliers,Denver Nuggets,Ball Arena,https://statsdmz.nba.com/pdfs/20250325/20250325_CLEDEN_book.pdf,Not Found
"Fri, Mar 28, 2025",Cleveland Cavaliers,Sacramento Kings,Golden 1 Center,https://statsdmz.nba.com/pdfs/20250328/20250328_CLESAC_book.pdf,Not Found
"Wed, Mar 5, 2025",Dallas Mavericks,Los Angeles Clippers,Intuit Dome,https://statsdmz.nba.com/pdfs/20250305/20250305_DALLAC_book.pdf,Not Found
"Mon, Mar 10, 2025",Dallas Mavericks,Charlotte Hornets,Spectrum Center,https://statsdmz.nba.com/pdfs/20250310/20250310_DALCHA_book.pdf,Not Found
"Wed, Mar 12, 2025",Dallas Mavericks,Houston Rockets,Toyota Center,https://statsdmz.nba.com/pdfs/20250312/20250312_DALHOU_book.pdf,Not Found
"Fri, Mar 14, 2025",Dallas Mavericks,Atlanta Hawks,State Farm Arena,https://statsdmz.nba.com/pdfs/20250314/20250314_DALATL_book.pdf,Not Found
"Wed, Mar 19, 2025",Dallas Mavericks,Toronto Raptors,Scotiabank Arena,https://statsdmz.nba.com/pdfs/20250319/20250319_DALTOR_book.pdf,Not Found
"Mon, Mar 24, 2025",Dallas Mavericks,Miami Heat,Kaseya Center,https://statsdmz.nba.com/pdfs/20250324/20250324_DALMIA_book.pdf,Not Found
"Tue, Mar 25, 2025",Dallas Mavericks,Milwaukee Bucks,Fiserv Forum,https://statsdmz.nba.com/pdfs/20250325/20250325_DALMIL_book.pdf,Not Found
"Thu, Mar 27, 2025",Dallas Mavericks,Boston Celtics,TD Garden,https://statsdmz.nba.com/pdfs/20250327/20250327_DALBOS_book.pdf,Not Found
"Sat, Mar 29, 2025",Dallas Mavericks,Golden State Warriors,Chase Center,https://statsdmz.nba.com/pdfs/20250329/20250329_DALGSW_book.pdf,Not Found
"Sun, Mar 2, 2025",Denver Nuggets,Oklahoma City Thunder,Paycom Center,https://statsdmz.nba.com/pdfs/20250302/20250302_DENOKC_book.pdf,Not Found
"Sun, Mar 9, 2025",Denver Nuggets,Dallas Mavericks,American Airlines Center,https://statsdmz.nba.com/pdfs/20250309/20250309_DENDAL_book.pdf,Not Found
"Mon, Mar 10, 2025",Denver Nuggets,New Orleans Pelicans,Smoothie King Center,https://statsdmz.nba.com/pdfs/20250310/20250310_DENNOP_book.pdf,Not Found
"Mon, Mar 17, 2025",Denver Nuggets,Philadelphia 76ers,Wells Fargo Center,https://statsdmz.nba.com/pdfs/20250317/20250317_DENPHI_book.pdf,Not Found
"Wed, Mar 19, 2025",Denver Nuggets,Milwaukee Bucks,Fiserv Forum,https://statsdmz.nba.com/pdfs/20250319/20250319_DENMIL_book.pdf,Not Found
"Fri, Mar 21, 2025",Denver Nuggets,Minnesota Timberwolves,Target Center,https://statsdmz.nba.com/pdfs/20250321/20250321_DENMIN_book.pdf,Not Found
"Sun, Mar 23, 2025",Denver Nuggets,Portland Trail Blazers,Moda Center,https://statsdmz.nba.com/pdfs/20250323/20250323_DENPOR_book.pdf,Not Found
"Mon, Mar 3, 2025",Detroit Pistons,Los Angeles Clippers,Intuit Dome,https://statsdmz.nba.com/pdfs/20250303/20250303_DETLAC_book.pdf,Not Found
"Wed, Mar 5, 2025",Detroit Pistons,Atlanta Hawks,State Farm Arena,https://statsdmz.nba.com/pdfs/20250305/20250305_DETATL_book.pdf,Not Found
"Sat, Mar 8, 2025",Detroit Pistons,Boston Celtics,TD Garden,https://statsdmz.nba.com/pdfs/20250308/20250308_DETBOS_book.pdf,Not Found
"Sun, Mar 9, 2025",Detroit Pistons,Brooklyn Nets,Barclays Center,https://statsdmz.nba.com/pdfs/20250309/20250309_DETBKN_book.pdf,Not Found
"Mon, Mar 17, 2025",Detroit Pistons,Miami Heat,Kaseya Center,https://statsdmz.nba.com/pdfs/20250317/20250317_DETMIA_book.pdf,Not Found
"Wed, Mar 19, 2025",Detroit Pistons,Toronto Raptors,Scotiabank Arena,https://statsdmz.nba.com/pdfs/20250319/20250319_DETTOR_book.pdf,Not Found
"Fri, Mar 21, 2025",Detroit Pistons,Chicago Bulls,United Center,https://statsdmz.nba.com/pdfs/20250321/20250321_DETCHI_book.pdf,Not Found
"Sun, Mar 30, 2025",Detroit Pistons,Houston Rockets,Toyota Center,https://statsdmz.nba.com/pdfs/20250330/20250330_DETHOU_book.pdf,Not Found
"Sat, Mar 1, 2025",Golden State Warriors,Memphis Grizzlies,FedExForum,https://statsdmz.nba.com/pdfs/20250301/20250301_GSWMEM_book.pdf,Not Found
"Mon, Mar 3, 2025",Golden State Warriors,Oklahoma City Thunder,Paycom Center,https://statsdmz.nba.com/pdfs/20250303/20250303_GSWOKC_book.pdf,Not Found
"Tue, Mar 4, 2025",Golden State Warriors,San Antonio Spurs,Frost Bank Center,https://statsdmz.nba.com/pdfs/20250304/20250304_GSWSAS_book.pdf,Not Found
"Thu, Mar 6, 2025",Golden State Warriors,Golden State Warriors,Chase Center,https://statsdmz.nba.com/pdfs/20250306/20250306_GSWGSW_book.pdf,Not Found
"Sat, Mar 22, 2025",Golden State Warriors,Sacramento Kings,Golden 1 Center,https://statsdmz.nba.com/pdfs/20250322/20250322_GSWSAC_book.pdf,Not Found
"Tue, Mar 25, 2025",Golden State Warriors,Cleveland Cavaliers,Rocket Mortgage FieldHouse,https://statsdmz.nba.com/pdfs/20250325/20250325_GSWCLE_book.pdf,Not Found
"Fri, Mar 28, 2025",Golden State Warriors,Detroit Pistons,Little Caesars Arena,https://statsdmz.nba.com/pdfs/20250328/20250328_GSWDET_book.pdf,Not Found
"Sun, Mar 30, 2025",Golden State Warriors,Indiana Pacers,Gainbridge Fieldhouse,https://statsdmz.nba.com/pdfs/20250330/20250330_GSWIND_book.pdf,Not Found
"Mon, Mar 3, 2025",Houston Rockets,New Orleans Pelicans,Smoothie King Center,https://statsdmz.nba.com/pdfs/20250303/20250303_HOUNOP_book.pdf,Not Found
"Tue, Mar 4, 2025",Houston Rockets,Atlanta Hawks,State Farm Arena,https://statsdmz.nba.com/pdfs/20250304/20250304_HOUATL_book.pdf,Not Found
"Thu, Mar 6, 2025",Houston Rockets,Boston Celtics,TD Garden,https://statsdmz.nba.com/pdfs/20250306/20250306_HOUBOS_book.pdf,Not Found
"Wed, Mar 19, 2025",Houston Rockets,Toronto Raptors,Scotiabank Arena,https://statsdmz.nba.com/pdfs/20250319/20250319_HOUTOR_book.pdf,Not Found
"Fri, Mar 21, 2025",Houston Rockets,Houston Rockets,Toyota Center,https://statsdmz.nba.com/pdfs/20250321/20250321_HOUHOU_book.pdf,Not Found
"Thu, Mar 27, 2025",Houston Rockets,Memphis Grizzlies,FedExForum,https://statsdmz.nba.com/pdfs/20250327/20250327_HOUMEM_book.pdf,Not Found
"Sun, Mar 30, 2025",Houston Rockets,Miami Heat,Kaseya Center,https://statsdmz.nba.com/pdfs/20250330/20250330_HOUMIA_book.pdf,Not Found
"Mon, Mar 31, 2025",Houston Rockets,San Antonio Spurs,Frost Bank Center,https://statsdmz.nba.com/pdfs/20250331/20250331_HOUSAS_book.pdf,Not Found
"Thu, Mar 6, 2025",Indiana Pacers,Denver Nuggets,Ball Arena,https://statsdmz.nba.com/pdfs/20250306/20250306_INDDEN_book.pdf,Not Found
"Sat, Mar 8, 2025",Indiana Pacers,Portland Trail Blazers,Moda Center,https://statsdmz.nba.com/pdfs/20250308/20250308_INDPOR_book.pdf,Not Found
"Mon, Mar 10, 2025",Indiana Pacers,Detroit Pistons,Little Caesars Arena,https://statsdmz.nba.com/pdfs/20250310/20250310_INDDET_book.pdf,Not Found
"Fri, Mar 14, 2025",Indiana Pacers,Milwaukee Bucks,Fiserv Forum,https://statsdmz.nba.com/pdfs/20250314/20250314_INDMIL_book.pdf,Not Found
"Sat, Mar 15, 2025",Indiana Pacers,Chicago Bulls,United Center,https://statsdmz.nba.com/pdfs/20250315/20250315_INDCHI_book.pdf,Not Found
"Mon, Mar 17, 2025",Indiana Pacers,New Orleans Pelicans,Smoothie King Center,https://statsdmz.nba.com/pdfs/20250317/20250317_INDNOP_book.pdf,Not Found
"Thu, Mar 27, 2025",Indiana Pacers,Golden State Warriors,Chase Center,https://statsdmz.nba.com/pdfs/20250327/20250327_INDGSW_book.pdf,Not Found
"Sat, Mar 29, 2025",Indiana Pacers,Miami Heat,Kaseya Center,https://statsdmz.nba.com/pdfs/20250329/20250329_INDMIA_book.pdf,Not Found
"Sun, Mar 2, 2025",Los Angeles Clippers,Philadelphia 76ers,Wells Fargo Center,https://statsdmz.nba.com/pdfs/20250302/20250302_LACPHI_book.pdf,Not Found
"Tue, Mar 4, 2025",Los Angeles Clippers,Atlanta Hawks,State Farm Arena,https://statsdmz.nba.com/pdfs/20250304/20250304_LACATL_book.pdf,Not Found
"Tue, Mar 11, 2025",Los Angeles Clippers,Houston Rockets,Toyota Center,https://statsdmz.nba.com/pdfs/20250311/20250311_LACHOU_book.pdf,Not Found
"Wed, Mar 12, 2025",Los Angeles Clippers,Memphis Grizzlies,FedExForum,https://statsdmz.nba.com/pdfs/20250312/20250312_LACMEM_book.pdf,Not Found
"Fri, Mar 14, 2025",Los Angeles Clippers,Minnesota Timberwolves,Target Center,https://statsdmz.nba.com/pdfs/20250314/20250314_LACMIN_book.pdf,Not Found
"Wed, Mar 26, 2025",Los Angeles Clippers,San Antonio Spurs,Frost Bank Center,https://statsdmz.nba.com/pdfs/20250326/20250326_LACSAS_book.pdf,Not Found
"Fri, Mar 28, 2025",Los Angeles Clippers,Denver Nuggets,Ball Arena,https://statsdmz.nba.com/pdfs/20250328/20250328_LACDEN_book.pdf,Not Found
"Sun, Mar 30, 2025",Los Angeles Clippers,Utah Jazz,Delta Center,https://statsdmz.nba.com/pdfs/20250330/20250330_LACUTA_book.pdf,Not Found
"Mon, Mar 31, 2025",Los Angeles Clippers,Phoenix Suns,Footprint Center,https://statsdmz.nba.com/pdfs/20250331/20250331_LACPHX_book.pdf,Not Found
"Sat, Mar 8, 2025",Los Angeles Lakers,Brooklyn Nets,Barclays Center,https://statsdmz.nba.com/pdfs/20250308/20250308_LALBKN_book.pdf,Not Found
"Mon, Mar 10, 2025",Los Angeles Lakers,Detroit Pistons,Little Caesars Arena,https://statsdmz.nba.com/pdfs/20250310/20250310_LALDET_book.pdf,Not Found
"Thu, Mar 13, 2025",Los Angeles Lakers,Houston Rockets,Toyota Center,https://statsdmz.nba.com/pdfs/20250313/20250313_LALHOU_book.pdf,Not Found
"Fri, Mar 14, 2025",Los Angeles Lakers,Memphis Grizzlies,FedExForum,https://statsdmz.nba.com/pdfs/20250314/20250314_LALMEM_book.pdf,Not Found
"Mon, Mar 24, 2025",Los Angeles Lakers,Milwaukee Bucks,Fiserv Forum,https://statsdmz.nba.com/pdfs/20250324/20250324_LALMIL_book.pdf,Not Found
"Wed, Mar 26, 2025",Los Angeles Lakers,Golden State Warriors,Chase Center,https://statsdmz.nba.com/pdfs/20250326/20250326_LALGSW_book.pdf,Not Found
"Thu, Mar 27, 2025",Los Angeles Lakers,San Antonio Spurs,Frost Bank Center,https://statsdmz.nba.com/pdfs/20250327/20250327_LALSAS_book.pdf,Not Found
"Sat, Mar 29, 2025",Los Angeles Lakers,Denver Nuggets,Ball Arena,https://statsdmz.nba.com/pdfs/20250329/20250329_LALDEN_book.pdf,Not Found
"Fri, Mar 7, 2025",Memphis Grizzlies,Cleveland Cavaliers,Rocket Mortgage FieldHouse,https://statsdmz.nba.com/pdfs/20250307/20250307_MEMCLE_book.pdf,Not Found
"Sun, Mar 9, 2025",Memphis Grizzlies,Dallas Mavericks,American Airlines Center,https://statsdmz.nba.com/pdfs/20250309/20250309_MEMDAL_book.pdf,Not Found
"Mon, Mar 17, 2025",Memphis Grizzlies,Los Angeles Lakers,Crypto.com Arena,https://statsdmz.nba.com/pdfs/20250317/20250317_MEMLAL_book.pdf,Not Found
"Wed, Mar 19, 2025",Memphis Grizzlies,Brooklyn Nets,Barclays Center,https://statsdmz.nba.com/pdfs/20250319/20250319_MEMBKN_book.pdf,Not Found
"Fri, Mar 21, 2025",Memphis Grizzlies,Portland Trail Blazers,Moda Center,https://statsdmz.nba.com/pdfs/20250321/20250321_MEMPOR_book.pdf,Not Found
"Tue, Mar 25, 2025",Memphis Grizzlies,Los Angeles Clippers,Intuit Dome,https://statsdmz.nba.com/pdfs/20250325/20250325_MEMLAC_book.pdf,Not Found
"Thu, Mar 27, 2025",Memphis Grizzlies,Minnesota Timberwolves,Target Center,https://statsdmz.nba.com/pdfs/20250327/20250327_MEMMIN_book.pdf,Not Found
"Wed, Mar 5, 2025",Miami Heat,Milwaukee Bucks,Fiserv Forum,https://statsdmz.nba.com/pdfs/20250305/20250305_MIAMIL_book.pdf,Not Found
"Sat, Mar 15, 2025",Miami Heat,New York Knicks,Madison Square Garden,https://statsdmz.nba.com/pdfs/20250315/20250315_MIANYK_book.pdf,Not Found
"Mon, Mar 17, 2025",Miami Heat,Houston Rockets,Toyota Center,https://statsdmz.nba.com/pdfs/20250317/20250317_MIAHOU_book.pdf,Not Found
"Sat, Mar 29, 2025",Miami Heat,Minnesota Timberwolves,Target Center,https://statsdmz.nba.com/pdfs/20250329/20250329_MIAMIN_book.pdf,Not Found
"Mon, Mar 31, 2025",Miami Heat,New Orleans Pelicans,Smoothie King Center,https://statsdmz.nba.com/pdfs/20250331/20250331_MIANOP_book.pdf,Not Found
"Sat, Mar 1, 2025",Milwaukee Bucks,Utah Jazz,Delta Center,https://statsdmz.nba.com/pdfs/20250301/20250301_MILUTA_book.pdf,Not Found
"Tue, Mar 4, 2025",Milwaukee Bucks,Golden State Warriors,Chase Center,https://statsdmz.nba.com/pdfs/20250304/20250304_MILGSW_book.pdf,Not Found
"Tue, Mar 11, 2025",Milwaukee Bucks,Phoenix Suns,Footprint Center,https://statsdmz.nba.com/pdfs/20250311/20250311_MILPHX_book.pdf,Not Found
"Tue, Mar 18, 2025",Milwaukee Bucks,Portland Trail Blazers,Moda Center,https://statsdmz.nba.com/pdfs/20250318/20250318_MILPOR_book.pdf,Not Found
"Thu, Mar 20, 2025",Milwaukee Bucks,Sacramento Kings,Golden 1 Center,https://statsdmz.nba.com/pdfs/20250320/20250320_MILSAC_book.pdf,Not Found
"Sat, Mar 22, 2025",Milwaukee Bucks,Los Angeles Lakers,Crypto.com Arena,https://statsdmz.nba.com/pdfs/20250322/20250322_MILLAL_book.pdf,Not Found
"Mon, Mar 24, 2025",Milwaukee Bucks,Charlotte Hornets,Spectrum Center,https://statsdmz.nba.com/pdfs/20250324/20250324_MILCHA_book.pdf,Not Found
"Wed, Mar 26, 2025",Milwaukee Bucks,Boston Celtics,TD Garden,https://statsdmz.nba.com/pdfs/20250326/20250326_MILBOS_book.pdf,Not Found
"Sun, Mar 2, 2025",Minnesota Timberwolves,Golden State Warriors,Chase Center,https://statsdmz.nba.com/pdfs/20250302/20250302_MINGSW_book.pdf,Not Found
"Wed, Mar 5, 2025",Minnesota Timberwolves,Los Angeles Clippers,Intuit Dome,https://statsdmz.nba.com/pdfs/20250305/20250305_MINLAC_book.pdf,Not Found
"Fri, Mar 7, 2025",Minnesota Timberwolves,Indiana Pacers,Gainbridge Fieldhouse,https://statsdmz.nba.com/pdfs/20250307/20250307_MININD_book.pdf,Not Found
"Wed, Mar 12, 2025",Minnesota Timberwolves,Orlando Magic,Kia Center,https://statsdmz.nba.com/pdfs/20250312/20250312_MINORL_book.pdf,Not Found
"Mon, Mar 24, 2025",Minnesota Timberwolves,Miami Heat,Kaseya Center,https://statsdmz.nba.com/pdfs/20250324/20250324_MINMIA_book.pdf,Not Found
"Sun, Mar 2, 2025",New Orleans Pelicans,Minnesota Timberwolves,Target Center,https://statsdmz.nba.com/pdfs/20250302/20250302_NOPMIN_book.pdf,Not Found
"Tue, Mar 4, 2025",New Orleans Pelicans,Oklahoma City Thunder,Paycom Center,https://statsdmz.nba.com/pdfs/20250304/20250304_NOPOKC_book.pdf,Not Found
"Sat, Mar 8, 2025",New Orleans Pelicans,San Antonio Spurs,Frost Bank Center,https://statsdmz.nba.com/pdfs/20250308/20250308_NOPSAS_book.pdf,Not Found
"Sat, Mar 15, 2025",New Orleans Pelicans,Utah Jazz,Delta Center,https://statsdmz.nba.com/pdfs/20250315/20250315_NOPUTA_book.pdf,Not Found
"Wed, Mar 19, 2025",New Orleans Pelicans,Los Angeles Lakers,Crypto.com Arena,https://statsdmz.nba.com/pdfs/20250319/20250319_NOPLAL_book.pdf,Not Found
"Fri, Mar 21, 2025",New Orleans Pelicans,Phoenix Suns,Footprint Center,https://statsdmz.nba.com/pdfs/20250321/20250321_NOPPHX_book.pdf,Not Found
"Sun, Mar 23, 2025",New Orleans Pelicans,Portland Trail Blazers,Moda Center,https://statsdmz.nba.com/pdfs/20250323/20250323_NOPPOR_book.pdf,Not Found
"Sun, Mar 2, 2025",New York Knicks,Sacramento Kings,Golden 1 Center,https://statsdmz.nba.com/pdfs/20250302/20250302_NYKSAC_book.pdf,Not Found
"Thu, Mar 6, 2025",New York Knicks,Charlotte Hornets,Spectrum Center,https://statsdmz.nba.com/pdfs/20250306/20250306_NYKCHA_book.pdf,Not Found
"Fri, Mar 7, 2025",New York Knicks,Indiana Pacers,Gainbridge Fieldhouse,https://statsdmz.nba.com/pdfs/20250307/20250307_NYKIND_book.pdf,Not Found
"Mon, Mar 10, 2025",New York Knicks,Golden State Warriors,Chase Center,https://statsdmz.nba.com/pdfs/20250310/20250310_NYKGSW_book.pdf,Not Found
"Wed, Mar 12, 2025",New York Knicks,Sacramento Kings,Golden 1 Center,https://statsdmz.nba.com/pdfs/20250312/20250312_NYKSAC_book.pdf,Not Found
"Sat, Mar 15, 2025",New York Knicks,Los Angeles Lakers,Crypto.com Arena,https://statsdmz.nba.com/pdfs/20250315/20250315_NYKLAL_book.pdf,Not Found
"Wed, Mar 19, 2025",New York Knicks,Washington Wizards,Capital One Arena,https://statsdmz.nba.com/pdfs/20250319/20250319_NYKWAS_book.pdf,Not Found
"Thu, Mar 20, 2025",New York Knicks,Miami Heat,Kaseya Center,https://statsdmz.nba.com/pdfs/20250320/20250320_NYKMIA_book.pdf,Not Found
"Fri, Mar 28, 2025",New York Knicks,Minnesota Timberwolves,Target Center,https://statsdmz.nba.com/pdfs/20250328/20250328_NYKMIN_book.pdf,Not Found
"Sun, Mar 2, 2025",Oklahoma City Thunder,Oklahoma City Thunder,Paycom Center,https://statsdmz.nba.com/pdfs/20250302/20250302_OKCOKC_book.pdf,Not Found
"Wed, Mar 5, 2025",Oklahoma City Thunder,San Antonio Spurs,Frost Bank Center,https://statsdmz.nba.com/pdfs/20250305/20250305_OKCSAS_book.pdf,Not Found
"Wed, Mar 12, 2025",Oklahoma City Thunder,Dallas Mavericks,American Airlines Center,https://statsdmz.nba.com/pdfs/20250312/20250312_OKCDAL_book.pdf,Not Found
"Sat, Mar 15, 2025",Oklahoma City Thunder,Utah Jazz,Delta Center,https://statsdmz.nba.com/pdfs/20250315/20250315_OKCUTA_book.pdf,Not Found
"Sun, Mar 16, 2025",Oklahoma City Thunder,Phoenix Suns,Footprint Center,https://statsdmz.nba.com/pdfs/20250316/20250316_OKCPHX_book.pdf,Not Found
"Sun, Mar 23, 2025",Oklahoma City Thunder,Portland Trail Blazers,Moda Center,https://statsdmz.nba.com/pdfs/20250323/20250323_OKCPOR_book.pdf,Not Found
"Tue, Mar 25, 2025",Oklahoma City Thunder,Los Angeles Clippers,Intuit Dome,https://statsdmz.nba.com/pdfs/20250325/20250325_OKCLAC_book.pdf,Not Found
"Sat, Mar 8, 2025",Orlando Magic,Indiana Pacers,Gainbridge Fieldhouse,https://statsdmz.nba.com/pdfs/20250308/20250308_ORLIND_book.pdf,Not Found
"Mon, Mar 10, 2025",Orlando Magic,Atlanta Hawks,State Farm Arena,https://statsdmz.nba.com/pdfs/20250310/20250310_ORLATL_book.pdf,Not Found
"Thu, Mar 13, 2025",Orlando Magic,New York Knicks,Madison Square Garden,https://statsdmz.nba.com/pdfs/20250313/20250313_ORLNYK_book.pdf,Not Found
"Fri, Mar 14, 2025",Orlando Magic,Sacramento Kings,Golden 1 Center,https://statsdmz.nba.com/pdfs/20250314/20250314_ORLSAC_book.pdf,Not Found
"Sun, Mar 16, 2025",Orlando Magic,Los Angeles Lakers,Crypto.com Arena,https://statsdmz.nba.com/pdfs/20250316/20250316_ORLLAL_book.pdf,Not Found
"Fri, Mar 21, 2025",Orlando Magic,Detroit Pistons,Little Caesars Arena,https://statsdmz.nba.com/pdfs/20250321/20250321_ORLDET_book.pdf,Not Found
"Tue, Mar 25, 2025",Orlando Magic,Utah Jazz,Delta Center,https://statsdmz.nba.com/pdfs/20250325/20250325_ORLUTA_book.pdf,Not Found
"Tue, Mar 4, 2025",Philadelphia 76ers,Atlanta Hawks,State Farm Arena,https://statsdmz.nba.com/pdfs/20250304/20250304_PHIATL_book.pdf,Not Found
"Thu, Mar 6, 2025",Philadelphia 76ers,Miami Heat,Kaseya Center,https://statsdmz.nba.com/pdfs/20250306/20250306_PHIMIA_book.pdf,Not Found
"Mon, Mar 10, 2025",Philadelphia 76ers,Portland Trail Blazers,Moda Center,https://statsdmz.nba.com/pdfs/20250310/20250310_PHIPOR_book.pdf,Not Found
"Wed, Mar 12, 2025",Philadelphia 76ers,Toronto Raptors,Scotiabank Arena,https://statsdmz.nba.com/pdfs/20250312/20250312_PHITOR_book.pdf,7:43 PM
"Sun, Mar 16, 2025",Philadelphia 76ers,Houston Rockets,Toyota Center,https://statsdmz.nba.com/pdfs/20250316/20250316_PHIHOU_book.pdf,Not Found
"Mon, Mar 17, 2025",Philadelphia 76ers,Los Angeles Clippers,Intuit Dome,https://statsdmz.nba.com/pdfs/20250317/20250317_PHILAC_book.pdf,Not Found
"Wed, Mar 19, 2025",Philadelphia 76ers,Indiana Pacers,Gainbridge Fieldhouse,https://statsdmz.nba.com/pdfs/20250319/20250319_PHIIND_book.pdf,Not Found
"Fri, Mar 21, 2025",Philadelphia 76ers,Orlando Magic,Kia Center,https://statsdmz.nba.com/pdfs/20250321/20250321_PHIORL_book.pdf,Not Found
"Sun, Mar 23, 2025",Philadelphia 76ers,Washington Wizards,Capital One Arena,https://statsdmz.nba.com/pdfs/20250323/20250323_PHIWAS_book.pdf,Not Found
"Mon, Mar 24, 2025",Philadelphia 76ers,Brooklyn Nets,Barclays Center,https://statsdmz.nba.com/pdfs/20250324/20250324_PHIBKN_book.pdf,Not Found
"Fri, Mar 7, 2025",Phoenix Suns,New Orleans Pelicans,Smoothie King Center,https://statsdmz.nba.com/pdfs/20250307/20250307_PHXNOP_book.pdf,Not Found
"Sun, Mar 9, 2025",Phoenix Suns,Denver Nuggets,Ball Arena,https://statsdmz.nba.com/pdfs/20250309/20250309_PHXDEN_book.pdf,Not Found
"Mon, Mar 10, 2025",Phoenix Suns,Phoenix Suns,Footprint Center,https://statsdmz.nba.com/pdfs/20250310/20250310_PHXPHX_book.pdf,Not Found
"Wed, Mar 12, 2025",Phoenix Suns,Sacramento Kings,Golden 1 Center,https://statsdmz.nba.com/pdfs/20250312/20250312_PHXSAC_book.pdf,Not Found
"Sun, Mar 16, 2025",Phoenix Suns,Charlotte Hornets,Spectrum Center,https://statsdmz.nba.com/pdfs/20250316/20250316_PHXCHA_book.pdf,Not Found
"Fri, Mar 28, 2025",Phoenix Suns,Detroit Pistons,Little Caesars Arena,https://statsdmz.nba.com/pdfs/20250328/20250328_PHXDET_book.pdf,Not Found
"Sun, Mar 2, 2025",Portland Trail Blazers,Miami Heat,Kaseya Center,https://statsdmz.nba.com/pdfs/20250302/20250302_PORMIA_book.pdf,Not Found
"Mon, Mar 3, 2025",Portland Trail Blazers,New York Knicks,Madison Square Garden,https://statsdmz.nba.com/pdfs/20250303/20250303_PORNYK_book.pdf,Not Found
"Wed, Mar 5, 2025",Portland Trail Blazers,Houston Rockets,Toyota Center,https://statsdmz.nba.com/pdfs/20250305/20250305_PORHOU_book.pdf,Not Found
"Fri, Mar 7, 2025",Portland Trail Blazers,Utah Jazz,Delta Center,https://statsdmz.nba.com/pdfs/20250307/20250307_PORUTA_book.pdf,Not Found
"Mon, Mar 10, 2025",Portland Trail Blazers,Portland Trail Blazers,Moda Center,https://statsdmz.nba.com/pdfs/20250310/20250310_PORPOR_book.pdf,Not Found
"Thu, Mar 27, 2025",Portland Trail Blazers,Sacramento Kings,Golden 1 Center,https://statsdmz.nba.com/pdfs/20250327/20250327_PORSAC_book.pdf,7:10 PM
"Sun, Mar 30, 2025",Portland Trail Blazers,Philadelphia 76ers,Wells Fargo Center,https://statsdmz.nba.com/pdfs/20250330/20250330_PORPHI_book.pdf,Not Found
"Sat, Mar 1, 2025",Sacramento Kings,Brooklyn Nets,Barclays Center,https://statsdmz.nba.com/pdfs/20250301/20250301_SACBKN_book.pdf,Not Found
"Mon, Mar 3, 2025",Sacramento Kings,Indiana Pacers,Gainbridge Fieldhouse,https://statsdmz.nba.com/pdfs/20250303/20250303_SACIND_book.pdf,Not Found
"Wed, Mar 5, 2025",Sacramento Kings,New York Knicks,Madison Square Garden,https://statsdmz.nba.com/pdfs/20250305/20250305_SACNYK_book.pdf,Not Found
"Sun, Mar 9, 2025",Sacramento Kings,Denver Nuggets,Ball Arena,https://statsdmz.nba.com/pdfs/20250309/20250309_SACDEN_book.pdf,Not Found
"Thu, Mar 13, 2025",Sacramento Kings,Phoenix Suns,Footprint Center,https://statsdmz.nba.com/pdfs/20250313/20250313_SACPHX_book.pdf,Not Found
"Fri, Mar 14, 2025",Sacramento Kings,Cleveland Cavaliers,Rocket Mortgage FieldHouse,https://statsdmz.nba.com/pdfs/20250314/20250314_SACCLE_book.pdf,Not Found
"Sat, Mar 29, 2025",Sacramento Kings,Orlando Magic,Kia Center,https://statsdmz.nba.com/pdfs/20250329/20250329_SACORL_book.pdf,5:11 PM
"Mon, Mar 31, 2025",Sacramento Kings,Washington Wizards,Capital One Arena,https://statsdmz.nba.com/pdfs/20250331/20250331_SACWAS_book.pdf,Not Found
"Sat, Mar 1, 2025",San Antonio Spurs,Miami Heat,Kaseya Center,https://statsdmz.nba.com/pdfs/20250301/20250301_SASMIA_book.pdf,Not Found
"Fri, Mar 7, 2025",San Antonio Spurs,Chicago Bulls,United Center,https://statsdmz.nba.com/pdfs/20250307/20250307_SASCHI_book.pdf,Not Found
"Sun, Mar 9, 2025",San Antonio Spurs,Oklahoma City Thunder,Paycom Center,https://statsdmz.nba.com/pdfs/20250309/20250309_SASOKC_book.pdf,Not Found
"Mon, Mar 17, 2025",San Antonio Spurs,Utah Jazz,Delta Center,https://statsdmz.nba.com/pdfs/20250317/20250317_SASUTA_book.pdf,Not Found
"Sun, Mar 23, 2025",San Antonio Spurs,Sacramento Kings,Golden 1 Center,https://statsdmz.nba.com/pdfs/20250323/20250323_SASSAC_book.pdf,Not Found
"Tue, Mar 25, 2025",San Antonio Spurs,Detroit Pistons,Little Caesars Arena,https://statsdmz.nba.com/pdfs/20250325/20250325_SASDET_book.pdf,7:11 PM
"Thu, Mar 27, 2025",San Antonio Spurs,Brooklyn Nets,Barclays Center,https://statsdmz.nba.com/pdfs/20250327/20250327_SASBKN_book.pdf,Not Found
"Sun, Mar 2, 2025",Toronto Raptors,Toronto Raptors,Scotiabank Arena,https://statsdmz.nba.com/pdfs/20250302/20250302_TORTOR_book.pdf,Not Found
"Tue, Mar 4, 2025",Toronto Raptors,Milwaukee Bucks,Fiserv Forum,https://statsdmz.nba.com/pdfs/20250304/20250304_TORMIL_book.pdf,Not Found
"Fri, Mar 14, 2025",Toronto Raptors,Minnesota Timberwolves,Target Center,https://statsdmz.nba.com/pdfs/20250314/20250314_TORMIN_book.pdf,Not Found
"Sun, Mar 16, 2025",Toronto Raptors,New Orleans Pelicans,Smoothie King Center,https://statsdmz.nba.com/pdfs/20250316/20250316_TORNOP_book.pdf,Not Found
"Mon, Mar 17, 2025",Toronto Raptors,Denver Nuggets,Ball Arena,https://statsdmz.nba.com/pdfs/20250317/20250317_TORDEN_book.pdf,Not Found
"Thu, Mar 20, 2025",Toronto Raptors,Orlando Magic,Kia Center,https://statsdmz.nba.com/pdfs/20250320/20250320_TORORL_book.pdf,Not Found
"Mon, Mar 24, 2025",Toronto Raptors,Washington Wizards,Capital One Arena,https://statsdmz.nba.com/pdfs/20250324/20250324_TORWAS_book.pdf,7:12 PM
"Wed, Mar 26, 2025",Toronto Raptors,Philadelphia 76ers,Wells Fargo Center,https://statsdmz.nba.com/pdfs/20250326/20250326_TORPHI_book.pdf,Not Found
"Sun, Mar 30, 2025",Toronto Raptors,Chicago Bulls,United Center,https://statsdmz.nba.com/pdfs/20250330/20250330_TORCHI_book.pdf,Not Found
"Wed, Mar 5, 2025",Utah Jazz,Memphis Grizzlies,FedExForum,https://statsdmz.nba.com/pdfs/20250305/20250305_UTAMEM_book.pdf,Not Found
"Fri, Mar 7, 2025",Utah Jazz,Oklahoma City Thunder,Paycom Center,https://statsdmz.nba.com/pdfs/20250307/20250307_UTAOKC_book.pdf,Not Found
"Sun, Mar 9, 2025",Utah Jazz,San Antonio Spurs,Frost Bank Center,https://statsdmz.nba.com/pdfs/20250309/20250309_UTASAS_book.pdf,Not Found
"Mon, Mar 10, 2025",Utah Jazz,Cleveland Cavaliers,Rocket Mortgage FieldHouse,https://statsdmz.nba.com/pdfs/20250310/20250310_UTACLE_book.pdf,Not Found
"Wed, Mar 12, 2025",Utah Jazz,New York Knicks,Madison Square Garden,https://statsdmz.nba.com/pdfs/20250312/20250312_UTANYK_book.pdf,Not Found
"Sun, Mar 16, 2025",Utah Jazz,Milwaukee Bucks,Fiserv Forum,https://statsdmz.nba.com/pdfs/20250316/20250316_UTAMIL_book.pdf,Not Found
"Fri, Mar 28, 2025",Utah Jazz,Minnesota Timberwolves,Target Center,https://statsdmz.nba.com/pdfs/20250328/20250328_UTAMIN_book.pdf,Not Found
"Mon, Mar 31, 2025",Utah Jazz,New Orleans Pelicans,Smoothie King Center,https://statsdmz.nba.com/pdfs/20250331/20250331_UTANOP_book.pdf,Not Found
"Sat, Mar 1, 2025",Washington Wizards,San Antonio Spurs,Frost Bank Center,https://statsdmz.nba.com/pdfs/20250301/20250301_WASSAS_book.pdf,Not Found
"Mon, Mar 3, 2025",Washington Wizards,Philadelphia 76ers,Wells Fargo Center,https://statsdmz.nba.com/pdfs/20250303/20250303_WASPHI_book.pdf,Not Found
"Sat, Mar 8, 2025",Washington Wizards,Phoenix Suns,Footprint Center,https://statsdmz.nba.com/pdfs/20250308/20250308_WASPHX_book.pdf,Not Found
"Mon, Mar 10, 2025",Washington Wizards,Charlotte Hornets,Spectrum Center,https://statsdmz.nba.com/pdfs/20250310/20250310_WASCHA_book.pdf,Not Found
"Tue, Mar 11, 2025",Washington Wizards,Indiana Pacers,Gainbridge Fieldhouse,https://statsdmz.nba.com/pdfs/20250311/20250311_WASIND_book.pdf,Not Found
"Thu, Mar 13, 2025",Washington Wizards,Orlando Magic,Kia Center,https://statsdmz.nba.com/pdfs/20250313/20250313_WASORL_book.pdf,Not Found
"Sat, Mar 15, 2025",Washington Wizards,Washington Wizards,Capital One Arena,https://statsdmz.nba.com/pdfs/20250315/20250315_WASWAS_book.pdf,Not Found
"Mon, Mar 17, 2025",Washington Wizards,Memphis Grizzlies,FedExForum,https://statsdmz.nba.com/pdfs/20250317/20250317_WASMEM_book.pdf,Not Found
"Wed, Mar 19, 2025",Washington Wizards,Oklahoma City Thunder,Paycom Center,https://statsdmz.nba.com/pdfs/20250319/20250319_WASOKC_book.pdf,Not Found
"Sat, Mar 22, 2025",Washington Wizards,Dallas Mavericks,American Airlines Center,https://statsdmz.nba.com/pdfs/20250322/20250322_WASDAL_book.pdf,Not Found
"Wed, Mar 26, 2025",Washington Wizards,Los Angeles Lakers,Crypto.com Arena,https://statsdmz.nba.com/pdfs/20250326/20250326_WASLAL_book.pdf,Not Found
"Tue, Apr 1, 2025",Portland Trail Blazers,Atlanta Hawks,State Farm Arena,https://statsdmz.nba.com/pdfs/20250401/20250401_PORATL_book.pdf,7:40 PM
"Tue, Apr 1, 2025",Phoenix Suns,Milwaukee Bucks,Fiserv Forum,https://statsdmz.nba.com/pdfs/20250401/20250401_PHXMIL_book.pdf,6:35 PM
"Tue, Apr 1, 2025",Philadelphia 76ers,New York Knicks,Madison Square Garden,https://statsdmz.nba.com/pdfs/20250401/20250401_PHINYK_book.pdf,7:41 PM
"Tue, Apr 1, 2025",Toronto Raptors,Chicago Bulls,United Center,https://statsdmz.nba.com/pdfs/20250401/20250401_TORCHI_book.pdf,7:11 PM
"Tue, Apr 1, 2025",Golden State Warriors,Memphis Grizzlies,FedExForum,https://statsdmz.nba.com/pdfs/20250401/20250401_GSWMEM_book.pdf,7:10 PM
"Tue, Apr 1, 2025",Orlando Magic,San Antonio Spurs,Frost Bank Center,https://statsdmz.nba.com/pdfs/20250401/20250401_ORLSAS_book.pdf,7:10 PM
"Tue, Apr 1, 2025",Minnesota Timberwolves,Denver Nuggets,Ball Arena,https://statsdmz.nba.com/pdfs/20250401/20250401_MINDEN_book.pdf,8:06 PM
"Wed, Apr 2, 2025",New York Knicks,Cleveland Cavaliers,Rocket Mortgage FieldHouse,https://statsdmz.nba.com/pdfs/20250402/20250402_NYKCLE_book.pdf,7:14 PM
"Wed, Apr 2, 2025",Charlotte Hornets,Indiana Pacers,Gainbridge Fieldhouse,https://statsdmz.nba.com/pdfs/20250402/20250402_CHAIND_book.pdf,7:10 PM
"Wed, Apr 2, 2025",Sacramento Kings,Washington Wizards,Capital One Arena,https://statsdmz.nba.com/pdfs/20250402/20250402_SACWAS_book.pdf,7:10 PM
"Wed, Apr 2, 2025",Miami Heat,Boston Celtics,TD Garden,https://statsdmz.nba.com/pdfs/20250402/20250402_MIABOS_book.pdf,7:40 PM
"Wed, Apr 2, 2025",Utah Jazz,Houston Rockets,Toyota Center,https://statsdmz.nba.com/pdfs/20250402/20250402_UTAHOU_book.pdf,7:11 PM
"Wed, Apr 2, 2025",Atlanta Hawks,Dallas Mavericks,American Airlines Center,https://statsdmz.nba.com/pdfs/20250402/20250402_ATLDAL_book.pdf,7:40 PM
"Wed, Apr 2, 2025",San Antonio Spurs,Denver Nuggets,Ball Arena,https://statsdmz.nba.com/pdfs/20250402/20250402_SASDEN_book.pdf,7:10 PM
"Wed, Apr 2, 2025",Detroit Pistons,Oklahoma City Thunder,Paycom Center,https://statsdmz.nba.com/pdfs/20250402/20250402_DETOKC_book.pdf,8:43 PM
"Wed, Apr 2, 2025",New Orleans Pelicans,Los Angeles Clippers,Intuit Dome,https://statsdmz.nba.com/pdfs/20250402/20250402_NOPLAC_book.pdf,7:42 PM
"Thu, Apr 3, 2025",Milwaukee Bucks,Philadelphia 76ers,Wells Fargo Center,https://statsdmz.nba.com/pdfs/20250403/20250403_MILPHI_book.pdf,7:10 PM
"Thu, Apr 3, 2025",Orlando Magic,Washington Wizards,Capital One Arena,https://statsdmz.nba.com/pdfs/20250403/20250403_ORLWAS_book.pdf,7:10 PM
"Thu, Apr 3, 2025",Minnesota Timberwolves,Brooklyn Nets,Barclays Center,https://statsdmz.nba.com/pdfs/20250403/20250403_MINBKN_book.pdf,7:41 PM
"Thu, Apr 3, 2025",Memphis Grizzlies,Miami Heat,Kaseya Center,https://statsdmz.nba.com/pdfs/20250403/20250403_MEMMIA_book.pdf,7:35 PM
"Thu, Apr 3, 2025",Portland Trail Blazers,Toronto Raptors,Scotiabank Arena,https://statsdmz.nba.com/pdfs/20250403/20250403_PORTOR_book.pdf,7:43 PM
"Thu, Apr 3, 2025",Golden State Warriors,Los Angeles Lakers,Crypto.com Arena,https://statsdmz.nba.com/pdfs/20250403/20250403_GSWLAL_book.pdf,7:11 PM
"Fri, Apr 4, 2025",Sacramento Kings,Charlotte Hornets,Spectrum Center,https://statsdmz.nba.com/pdfs/20250404/20250404_SACCHA_book.pdf,7:10 PM
"Fri, Apr 4, 2025",Utah Jazz,Indiana Pacers,Gainbridge Fieldhouse,https://statsdmz.nba.com/pdfs/20250404/20250404_UTAIND_book.pdf,7:10 PM
"Fri, Apr 4, 2025",Phoenix Suns,Boston Celtics,TD Garden,https://statsdmz.nba.com/pdfs/20250404/20250404_PHXBOS_book.pdf,7:41 PM
"Fri, Apr 4, 2025",Detroit Pistons,Toronto Raptors,Scotiabank Arena,https://statsdmz.nba.com/pdfs/20250404/20250404_DETTOR_book.pdf,7:42 PM
"Fri, Apr 4, 2025",Portland Trail Blazers,Chicago Bulls,United Center,https://statsdmz.nba.com/pdfs/20250404/20250404_PORCHI_book.pdf,7:10 PM
"Fri, Apr 4, 2025",Oklahoma City Thunder,Houston Rockets,Toyota Center,https://statsdmz.nba.com/pdfs/20250404/20250404_OKCHOU_book.pdf,7:11 PM
"Fri, Apr 4, 2025",Cleveland Cavaliers,San Antonio Spurs,Frost Bank Center,https://statsdmz.nba.com/pdfs/20250404/20250404_CLESAS_book.pdf,7:10 PM
"Fri, Apr 4, 2025",Denver Nuggets,Golden State Warriors,Chase Center,https://statsdmz.nba.com/pdfs/20250404/20250404_DENGSW_book.pdf,7:11 PM
"Fri, Apr 4, 2025",Dallas Mavericks,Los Angeles Clippers,Intuit Dome,https://statsdmz.nba.com/pdfs/20250404/20250404_DALLAC_book.pdf,7:40 PM
"Fri, Apr 4, 2025",New Orleans Pelicans,Los Angeles Lakers,Crypto.com Arena,https://statsdmz.nba.com/pdfs/20250404/20250404_NOPLAL_book.pdf,7:40 PM
"Sat, Apr 5, 2025",New York Knicks,Atlanta Hawks,State Farm Arena,https://statsdmz.nba.com/pdfs/20250405/20250405_NYKATL_book.pdf,3:10 PM
"Sat, Apr 5, 2025",Memphis Grizzlies,Detroit Pistons,Little Caesars Arena,https://statsdmz.nba.com/pdfs/20250405/20250405_MEMDET_book.pdf,7:11 PM
"Sat, Apr 5, 2025",Minnesota Timberwolves,Philadelphia 76ers,Wells Fargo Center,https://statsdmz.nba.com/pdfs/20250405/20250405_MINPHI_book.pdf,7:10 PM
"Sat, Apr 5, 2025",Milwaukee Bucks,Miami Heat,Kaseya Center,https://statsdmz.nba.com/pdfs/20250405/20250405_MILMIA_book.pdf,8:12 PM
"Sat, Apr 5, 2025",Dallas Mavericks,Los Angeles Clippers,Intuit Dome,https://statsdmz.nba.com/pdfs/20250405/20250405_DALLAC_book.pdf,7:40 PM
"Sun, Apr 6, 2025",Chicago Bulls,Charlotte Hornets,Spectrum Center,https://statsdmz.nba.com/pdfs/20250406/20250406_CHICHA_book.pdf,1:10 PM
"Sun, Apr 6, 2025",Toronto Raptors,Brooklyn Nets,Barclays Center,https://statsdmz.nba.com/pdfs/20250406/20250406_TORBKN_book.pdf,3:42 PM
"Sun, Apr 6, 2025",Los Angeles Lakers,Oklahoma City Thunder,Paycom Center,https://statsdmz.nba.com/pdfs/20250406/20250406_LALOKC_book.pdf,2:40 PM
"Sun, Apr 6, 2025",Utah Jazz,Atlanta Hawks,State Farm Arena,https://statsdmz.nba.com/pdfs/20250406/20250406_UTAATL_book.pdf,6:11 PM
"Sun, Apr 6, 2025",Washington Wizards,Boston Celtics,TD Garden,https://statsdmz.nba.com/pdfs/20250406/20250406_WASBOS_book.pdf,6:10 PM
"Sun, Apr 6, 2025",Sacramento Kings,Cleveland Cavaliers,Rocket Mortgage FieldHouse,https://statsdmz.nba.com/pdfs/20250406/20250406_SACCLE_book.pdf,6:10 PM
"Sun, Apr 6, 2025",San Antonio Spurs,Portland Trail Blazers,Moda Center,https://statsdmz.nba.com/pdfs/20250406/20250406_SASPOR_book.pdf,3:11 PM
"Sun, Apr 6, 2025",Phoenix Suns,New York Knicks,Madison Square Garden,https://statsdmz.nba.com/pdfs/20250406/20250406_PHXNYK_book.pdf,7:11 PM
"Sun, Apr 6, 2025",Indiana Pacers,Denver Nuggets,Ball Arena,https://statsdmz.nba.com/pdfs/20250406/20250406_INDDEN_book.pdf,6:10 PM
"Sun, Apr 6, 2025",Houston Rockets,Golden State Warriors,Chase Center,https://statsdmz.nba.com/pdfs/20250406/20250406_HOUGSW_book.pdf,5:40 PM
"Sun, Apr 6, 2025",Milwaukee Bucks,New Orleans Pelicans,Smoothie King Center,https://statsdmz.nba.com/pdfs/20250406/20250406_MILNOP_book.pdf,7:40 PM
"Mon, Apr 7, 2025",Sacramento Kings,Detroit Pistons,Little Caesars Arena,https://statsdmz.nba.com/pdfs/20250407/20250407_SACDET_book.pdf,7:10 PM
"Mon, Apr 7, 2025",Philadelphia 76ers,Miami Heat,Kaseya Center,https://statsdmz.nba.com/pdfs/20250407/20250407_PHIMIA_book.pdf,7:43 PM
"Tue, Apr 8, 2025",Memphis Grizzlies,Charlotte Hornets,Spectrum Center,https://statsdmz.nba.com/pdfs/20250408/20250408_MEMCHA_book.pdf,7:10 PM
"Tue, Apr 8, 2025",Chicago Bulls,Cleveland Cavaliers,Rocket Mortgage FieldHouse,https://statsdmz.nba.com/pdfs/20250408/20250408_CHICLE_book.pdf,7:10 PM
"Tue, Apr 8, 2025",Washington Wizards,Indiana Pacers,Gainbridge Fieldhouse,https://statsdmz.nba.com/pdfs/20250408/20250408_WASIND_book.pdf,7:10 PM
"Tue, Apr 8, 2025",Atlanta Hawks,Orlando Magic,Kia Center,https://statsdmz.nba.com/pdfs/20250408/20250408_ATLORL_book.pdf,7:10 PM
"Tue, Apr 8, 2025",New Orleans Pelicans,Brooklyn Nets,Barclays Center,https://statsdmz.nba.com/pdfs/20250408/20250408_NOPBKN_book.pdf,7:40 PM
"Tue, Apr 8, 2025",Boston Celtics,New York Knicks,Madison Square Garden,https://statsdmz.nba.com/pdfs/20250408/20250408_BOSNYK_book.pdf,7:36 PM
"Tue, Apr 8, 2025",Minnesota Timberwolves,Milwaukee Bucks,Fiserv Forum,https://statsdmz.nba.com/pdfs/20250408/20250408_MINMIL_book.pdf,7:10 PM
"Tue, Apr 8, 2025",Los Angeles Lakers,Oklahoma City Thunder,Paycom Center,https://statsdmz.nba.com/pdfs/20250408/20250408_LALOKC_book.pdf,7:10 PM
"Tue, Apr 8, 2025",Golden State Warriors,Phoenix Suns,Footprint Center,https://statsdmz.nba.com/pdfs/20250408/20250408_GSWPHX_book.pdf,7:05 PM
"Tue, Apr 8, 2025",San Antonio Spurs,Los Angeles Clippers,Intuit Dome,https://statsdmz.nba.com/pdfs/20250408/20250408_SASLAC_book.pdf,7:40 PM
"Wed, Apr 9, 2025",Boston Celtics,Orlando Magic,Kia Center,https://statsdmz.nba.com/pdfs/20250409/20250409_BOSORL_book.pdf,7:13 PM
"Wed, Apr 9, 2025",Philadelphia 76ers,Washington Wizards,Capital One Arena,https://statsdmz.nba.com/pdfs/20250409/20250409_PHIWAS_book.pdf,7:14 PM
"Wed, Apr 9, 2025",Los Angeles Lakers,Dallas Mavericks,American Airlines Center,https://statsdmz.nba.com/pdfs/20250409/20250409_LALDAL_book.pdf,6:44 PM
"Wed, Apr 9, 2025",Charlotte Hornets,Toronto Raptors,Scotiabank Arena,https://statsdmz.nba.com/pdfs/20250409/20250409_CHATOR_book.pdf,7:43 PM
"Wed, Apr 9, 2025",Miami Heat,Chicago Bulls,United Center,https://statsdmz.nba.com/pdfs/20250409/20250409_MIACHI_book.pdf,7:11 PM
"Wed, Apr 9, 2025",Portland Trail Blazers,Utah Jazz,Delta Center,https://statsdmz.nba.com/pdfs/20250409/20250409_PORUTA_book.pdf,7:10 PM
"Wed, Apr 9, 2025",San Antonio Spurs,Golden State Warriors,Chase Center,https://statsdmz.nba.com/pdfs/20250409/20250409_SASGSW_book.pdf,7:11 PM
"Wed, Apr 9, 2025",Oklahoma City Thunder,Phoenix Suns,Footprint Center,https://statsdmz.nba.com/pdfs/20250409/20250409_OKCPHX_book.pdf,7:10 PM
"Wed, Apr 9, 2025",Denver Nuggets,Sacramento Kings,Golden 1 Center,https://statsdmz.nba.com/pdfs/20250409/20250409_DENSAC_book.pdf,7:13 PM
"Wed, Apr 9, 2025",Houston Rockets,Los Angeles Clippers,Intuit Dome,https://statsdmz.nba.com/pdfs/20250409/20250409_HOULAC_book.pdf,7:41 PM
"Thu, Apr 10, 2025",New York Knicks,Detroit Pistons,Little Caesars Arena,https://statsdmz.nba.com/pdfs/20250410/20250410_NYKDET_book.pdf,7:11 PM
"Thu, Apr 10, 2025",Cleveland Cavaliers,Indiana Pacers,Gainbridge Fieldhouse,https://statsdmz.nba.com/pdfs/20250410/20250410_CLEIND_book.pdf,7:05 PM
"Thu, Apr 10, 2025",Atlanta Hawks,Brooklyn Nets,Barclays Center,https://statsdmz.nba.com/pdfs/20250410/20250410_ATLBKN_book.pdf,7:41 PM
"Thu, Apr 10, 2025",New Orleans Pelicans,Milwaukee Bucks,Fiserv Forum,https://statsdmz.nba.com/pdfs/20250410/20250410_NOPMIL_book.pdf,7:10 PM
"Thu, Apr 10, 2025",Minnesota Timberwolves,Memphis Grizzlies,FedExForum,https://statsdmz.nba.com/pdfs/20250410/20250410_MINMEM_book.pdf,8:36 PM
"Fri, Apr 11, 2025",Milwaukee Bucks,Detroit Pistons,Little Caesars Arena,https://statsdmz.nba.com/pdfs/20250411/20250411_MILDET_book.pdf,7:11 PM
"Fri, Apr 11, 2025",Orlando Magic,Indiana Pacers,Gainbridge Fieldhouse,https://statsdmz.nba.com/pdfs/20250411/20250411_ORLIND_book.pdf,7:11 PM
"Fri, Apr 11, 2025",Atlanta Hawks,Philadelphia 76ers,Wells Fargo Center,https://statsdmz.nba.com/pdfs/20250411/20250411_ATLPHI_book.pdf,7:10 PM
"Fri, Apr 11, 2025",Charlotte Hornets,Boston Celtics,TD Garden,https://statsdmz.nba.com/pdfs/20250411/20250411_CHABOS_book.pdf,7:41 PM
"Fri, Apr 11, 2025",Cleveland Cavaliers,New York Knicks,Madison Square Garden,https://statsdmz.nba.com/pdfs/20250411/20250411_CLENYK_book.pdf,7:42 PM
"Fri, Apr 11, 2025",Washington Wizards,Chicago Bulls,United Center,https://statsdmz.nba.com/pdfs/20250411/20250411_WASCHI_book.pdf,7:12 PM
"Fri, Apr 11, 2025",Miami Heat,New Orleans Pelicans,Smoothie King Center,https://statsdmz.nba.com/pdfs/20250411/20250411_MIANOP_book.pdf,7:10 PM
"Fri, Apr 11, 2025",Toronto Raptors,Dallas Mavericks,American Airlines Center,https://statsdmz.nba.com/pdfs/20250411/20250411_TORDAL_book.pdf,7:42 PM
"Fri, Apr 11, 2025",Memphis Grizzlies,Denver Nuggets,Ball Arena,https://statsdmz.nba.com/pdfs/20250411/20250411_MEMDEN_book.pdf,7:11 PM
"Fri, Apr 11, 2025",Brooklyn Nets,Minnesota Timberwolves,Target Center,https://statsdmz.nba.com/pdfs/20250411/20250411_BKNMIN_book.pdf,8:11 PM
"Fri, Apr 11, 2025",Oklahoma City Thunder,Utah Jazz,Delta Center,https://statsdmz.nba.com/pdfs/20250411/20250411_OKCUTA_book.pdf,7:41 PM
"Fri, Apr 11, 2025",San Antonio Spurs,Phoenix Suns,Footprint Center,https://statsdmz.nba.com/pdfs/20250411/20250411_SASPHX_book.pdf,7:10 PM
"Fri, Apr 11, 2025",Golden State Warriors,Portland Trail Blazers,Moda Center,https://statsdmz.nba.com/pdfs/20250411/20250411_GSWPOR_book.pdf,7:13 PM
"Fri, Apr 11, 2025",Los Angeles Clippers,Sacramento Kings,Golden 1 Center,https://statsdmz.nba.com/pdfs/20250411/20250411_LACSAC_book.pdf,7:10 PM
"Fri, Apr 11, 2025",Houston Rockets,Los Angeles Lakers,Crypto.com Arena,https://statsdmz.nba.com/pdfs/20250411/20250411_HOULAL_book.pdf,7:41 PM
"Sun, Apr 13, 2025",Orlando Magic,Atlanta Hawks,State Farm Arena,https://statsdmz.nba.com/pdfs/20250413/20250413_ORLATL_book.pdf,1:11 PM
"Sun, Apr 13, 2025",Charlotte Hornets,Boston Celtics,TD Garden,https://statsdmz.nba.com/pdfs/20250413/20250413_CHABOS_book.pdf,1:10 PM
"Sun, Apr 13, 2025",New York Knicks,Brooklyn Nets,Barclays Center,https://statsdmz.nba.com/pdfs/20250413/20250413_NYKBKN_book.pdf,1:11 PM
"Sun, Apr 13, 2025",Indiana Pacers,Cleveland Cavaliers,Rocket Mortgage FieldHouse,https://statsdmz.nba.com/pdfs/20250413/20250413_INDCLE_book.pdf,1:10 PM
"Sun, Apr 13, 2025",Washington Wizards,Miami Heat,Kaseya Center,https://statsdmz.nba.com/pdfs/20250413/20250413_WASMIA_book.pdf,1:12 PM
"Sun, Apr 13, 2025",Detroit Pistons,Milwaukee Bucks,Fiserv Forum,https://statsdmz.nba.com/pdfs/20250413/20250413_DETMIL_book.pdf,12:12 PM
"Sun, Apr 13, 2025",Chicago Bulls,Philadelphia 76ers,Wells Fargo Center,https://statsdmz.nba.com/pdfs/20250413/20250413_CHIPHI_book.pdf,1:10 PM
"Sun, Apr 13, 2025",Los Angeles Clippers,Golden State Warriors,Chase Center,https://statsdmz.nba.com/pdfs/20250413/20250413_LACGSW_book.pdf,12:44 PM
"Sun, Apr 13, 2025",Denver Nuggets,Houston Rockets,Toyota Center,https://statsdmz.nba.com/pdfs/20250413/20250413_DENHOU_book.pdf,2:41 PM
"Sun, Apr 13, 2025",Dallas Mavericks,Memphis Grizzlies,FedExForum,https://statsdmz.nba.com/pdfs/20250413/20250413_DALMEM_book.pdf,2:39 PM
"Sun, Apr 13, 2025",Utah Jazz,Minnesota Timberwolves,Target Center,https://statsdmz.nba.com/pdfs/20250413/20250413_UTAMIN_book.pdf,2:40 PM
"Sun, Apr 13, 2025",Oklahoma City Thunder,New Orleans Pelicans,Smoothie King Center,https://statsdmz.nba.com/pdfs/20250413/20250413_OKCNOP_book.pdf,2:41 PM
"Sun, Apr 13, 2025",Los Angeles Lakers,Portland Trail Blazers,Moda Center,https://statsdmz.nba.com/pdfs/20250413/20250413_LALPOR_book.pdf,12:43 PM
"Sun, Apr 13, 2025",Phoenix Suns,Sacramento Kings,Golden 1 Center,https://statsdmz.nba.com/pdfs/20250413/20250413_PHXSAC_book.pdf,12:40 PM
"Sun, Apr 13, 2025",Toronto Raptors,San Antonio Spurs,Frost Bank Center,https://statsdmz.nba.com/pdfs/20250413/20250413_TORSAS_book.pdf,2:42 PM
"Tue, Apr 15, 2025",Atlanta Hawks,Orlando Magic,Kia Center,https://statsdmz.nba.com/pdfs/20250415/20250415_ATLORL_book.pdf,7:35 PM
"Tue, Apr 15, 2025",Memphis Grizzlies,Golden State Warriors,Chase Center,https://statsdmz.nba.com/pdfs/20250415/20250415_MEMGSW_book.pdf,7:11 PM
"Wed, Apr 16, 2025",Miami Heat,Chicago Bulls,United Center,https://statsdmz.nba.com/pdfs/20250416/20250416_MIACHI_book.pdf,6:43 PM
"Wed, Apr 16, 2025",Dallas Mavericks,Sacramento Kings,Golden 1 Center,https://statsdmz.nba.com/pdfs/20250416/20250416_DALSAC_book.pdf,7:13 PM
"Fri, Apr 18, 2025",Miami Heat,Atlanta Hawks,State Farm Arena,https://statsdmz.nba.com/pdfs/20250418/20250418_MIAATL_book.pdf,7:05 PM
"Fri, Apr 18, 2025",Dallas Mavericks,Memphis Grizzlies,FedExForum,https://statsdmz.nba.com/pdfs/20250418/20250418_DALMEM_book.pdf,8:44 PM
"Sat, Apr 19, 2025",Milwaukee Bucks,Indiana Pacers,Gainbridge Fieldhouse,https://statsdmz.nba.com/pdfs/20250419/20250419_MILIND_book.pdf,1:11 PM
"Sat, Apr 19, 2025",Los Angeles Clippers,Denver Nuggets,Ball Arena,https://statsdmz.nba.com/pdfs/20250419/20250419_LACDEN_book.pdf,1:48 PM
"Sat, Apr 19, 2025",Detroit Pistons,New York Knicks,Madison Square Garden,https://statsdmz.nba.com/pdfs/20250419/20250419_DETNYK_book.pdf,6:19 PM
"Sat, Apr 19, 2025",Minnesota Timberwolves,Los Angeles Lakers,Crypto.com Arena,https://statsdmz.nba.com/pdfs/20250419/20250419_MINLAL_book.pdf,5:51 PM
"Sun, Apr 20, 2025",Memphis Grizzlies,Oklahoma City Thunder,Paycom Center,https://statsdmz.nba.com/pdfs/20250420/20250420_MEMOKC_book.pdf,12:10 PM
"Sun, Apr 20, 2025",Orlando Magic,Boston Celtics,TD Garden,https://statsdmz.nba.com/pdfs/20250420/20250420_ORLBOS_book.pdf,3:40 PM
"Sun, Apr 20, 2025",Miami Heat,Cleveland Cavaliers,Rocket Mortgage FieldHouse,https://statsdmz.nba.com/pdfs/20250420/20250420_MIACLE_book.pdf,7:06 PM
"Sun, Apr 20, 2025",Golden State Warriors,Houston Rockets,Toyota Center,https://statsdmz.nba.com/pdfs/20250420/20250420_GSWHOU_book.pdf,8:36 PM
"Mon, Apr 21, 2025",Detroit Pistons,New York Knicks,Madison Square Garden,https://statsdmz.nba.com/pdfs/20250421/20250421_DETNYK_book.pdf,7:36 PM
"Mon, Apr 21, 2025",Los Angeles Clippers,Denver Nuggets,Ball Arena,https://statsdmz.nba.com/pdfs/20250421/20250421_LACDEN_book.pdf,8:14 PM
"Tue, Apr 22, 2025",Milwaukee Bucks,Indiana Pacers,Gainbridge Fieldhouse,https://statsdmz.nba.com/pdfs/20250422/20250422_MILIND_book.pdf,7:06 PM
"Tue, Apr 22, 2025",Memphis Grizzlies,Oklahoma City Thunder,Paycom Center,https://statsdmz.nba.com/pdfs/20250422/20250422_MEMOKC_book.pdf,6:35 PM
"Tue, Apr 22, 2025",Minnesota Timberwolves,Los Angeles Lakers,Crypto.com Arena,https://statsdmz.nba.com/pdfs/20250422/20250422_MINLAL_book.pdf,7:06 PM
"Wed, Apr 23, 2025",Orlando Magic,Boston Celtics,TD Garden,https://statsdmz.nba.com/pdfs/20250423/20250423_ORLBOS_book.pdf,7:05 PM
"Wed, Apr 23, 2025",Miami Heat,Cleveland Cavaliers,Rocket Mortgage FieldHouse,https://statsdmz.nba.com/pdfs/20250423/20250423_MIACLE_book.pdf,7:41 PM
"Wed, Apr 23, 2025",Golden State Warriors,Houston Rockets,Toyota Center,https://statsdmz.nba.com/pdfs/20250423/20250423_GSWHOU_book.pdf,8:46 PM
"Thu, Apr 24, 2025",New York Knicks,Detroit Pistons,Little Caesars Arena,https://statsdmz.nba.com/pdfs/20250424/20250424_NYKDET_book.pdf,7:06 PM
"Thu, Apr 24, 2025",Oklahoma City Thunder,Memphis Grizzlies,FedExForum,https://statsdmz.nba.com/pdfs/20250424/20250424_OKCMEM_book.pdf,8:46 PM
"Thu, Apr 24, 2025",Denver Nuggets,Los Angeles Clippers,Intuit Dome,https://statsdmz.nba.com/pdfs/20250424/20250424_DENLAC_book.pdf,7:15 PM
"Fri, Apr 25, 2025",Boston Celtics,Orlando Magic,Kia Center,https://statsdmz.nba.com/pdfs/20250425/20250425_BOSORL_book.pdf,7:14 PM
"Fri, Apr 25, 2025",Indiana Pacers,Milwaukee Bucks,Fiserv Forum,https://statsdmz.nba.com/pdfs/20250425/20250425_INDMIL_book.pdf,7:08 PM
"Fri, Apr 25, 2025",Los Angeles Lakers,Minnesota Timberwolves,Target Center,https://statsdmz.nba.com/pdfs/20250425/20250425_LALMIN_book.pdf,8:55 PM
"Sat, Apr 26, 2025",Cleveland Cavaliers,Miami Heat,Kaseya Center,https://statsdmz.nba.com/pdfs/20250426/20250426_CLEMIA_book.pdf,1:06 PM
"Sat, Apr 26, 2025",Oklahoma City Thunder,Memphis Grizzlies,FedExForum,https://statsdmz.nba.com/pdfs/20250426/20250426_OKCMEM_book.pdf,2:35 PM
"Sat, Apr 26, 2025",Denver Nuggets,Los Angeles Clippers,Intuit Dome,https://statsdmz.nba.com/pdfs/20250426/20250426_DENLAC_book.pdf,3:14 PM
"Sat, Apr 26, 2025",Houston Rockets,Golden State Warriors,Chase Center,https://statsdmz.nba.com/pdfs/20250426/20250426_HOUGSW_book.pdf,5:46 PM
"Sun, Apr 27, 2025",New York Knicks,Detroit Pistons,Little Caesars Arena,https://statsdmz.nba.com/pdfs/20250427/20250427_NYKDET_book.pdf,1:11 PM
"Sun, Apr 27, 2025",Los Angeles Lakers,Minnesota Timberwolves,Target Center,https://statsdmz.nba.com/pdfs/20250427/20250427_LALMIN_book.pdf,2:52 PM
"Sun, Apr 27, 2025",Boston Celtics,Orlando Magic,Kia Center,https://statsdmz.nba.com/pdfs/20250427/20250427_BOSORL_book.pdf,7:05 PM
"Sun, Apr 27, 2025",Indiana Pacers,Milwaukee Bucks,Fiserv Forum,https://statsdmz.nba.com/pdfs/20250427/20250427_INDMIL_book.pdf,8:42 PM
"Mon, Apr 28, 2025",Cleveland Cavaliers,Miami Heat,Kaseya Center,https://statsdmz.nba.com/pdfs/20250428/20250428_CLEMIA_book.pdf,7:35 PM
"Mon, Apr 28, 2025",Houston Rockets,Golden State Warriors,Chase Center,https://statsdmz.nba.com/pdfs/20250428/20250428_HOUGSW_book.pdf,7:05 PM
"Tue, Apr 29, 2025",Milwaukee Bucks,Indiana Pacers,Gainbridge Fieldhouse,https://statsdmz.nba.com/pdfs/20250429/20250429_MILIND_book.pdf,6:06 PM
"Tue, Apr 29, 2025",Detroit Pistons,New York Knicks,Madison Square Garden,https://statsdmz.nba.com/pdfs/20250429/20250429_DETNYK_book.pdf,7:36 PM
"Tue, Apr 29, 2025",Orlando Magic,Boston Celtics,TD Garden,https://statsdmz.nba.com/pdfs/20250429/20250429_ORLBOS_book.pdf,8:52 PM
"Tue, Apr 29, 2025",Los Angeles Clippers,Denver Nuggets,Ball Arena,https://statsdmz.nba.com/pdfs/20250429/20250429_LACDEN_book.pdf,8:16 PM
"Wed, Apr 30, 2025",Golden State Warriors,Houston Rockets,Toyota Center,https://statsdmz.nba.com/pdfs/20250430/20250430_GSWHOU_book.pdf,6:36 PM
"Wed, Apr 30, 2025",Minnesota Timberwolves,Los Angeles Lakers,Crypto.com Arena,https://statsdmz.nba.com/pdfs/20250430/20250430_MINLAL_book.pdf,7:12 PM
"Thu, May 1, 2025",New York Knicks,Detroit Pistons,Little Caesars Arena,https://statsdmz.nba.com/pdfs/20250501/20250501_NYKDET_book.pdf,7:37 PM
"Thu, May 1, 2025",Denver Nuggets,Los Angeles Clippers,Intuit Dome,https://statsdmz.nba.com/pdfs/20250501/20250501_DENLAC_book.pdf,7:20 PM
"Fri, May 2, 2025",Houston Rockets,Golden State Warriors,Chase Center,https://statsdmz.nba.com/pdfs/20250502/20250502_HOUGSW_book.pdf,6:14 PM
"Sat, May 3, 2025",Los Angeles Clippers,Denver Nuggets,Ball Arena,https://statsdmz.nba.com/pdfs/20250503/20250503_LACDEN_book.pdf,5:36 PM
"Sun, May 4, 2025",Indiana Pacers,Cleveland Cavaliers,Rocket Mortgage FieldHouse,https://statsdmz.nba.com/pdfs/20250504/20250504_INDCLE_book.pdf,6:06 PM
"Sun, May 4, 2025",Golden State Warriors,Houston Rockets,Toyota Center,https://statsdmz.nba.com/pdfs/20250504/20250504_GSWHOU_book.pdf,7:41 PM
"Mon, May 5, 2025",New York Knicks,Boston Celtics,TD Garden,https://statsdmz.nba.com/pdfs/20250505/20250505_NYKBOS_book.pdf,7:06 PM
"Mon, May 5, 2025",Denver Nuggets,Oklahoma City Thunder,Paycom Center,https://statsdmz.nba.com/pdfs/20250505/20250505_DENOKC_book.pdf,8:44 PM
"Tue, May 6, 2025",Indiana Pacers,Cleveland Cavaliers,Rocket Mortgage FieldHouse,https://statsdmz.nba.com/pdfs/20250506/20250506_INDCLE_book.pdf,7:06 PM
"Tue, May 6, 2025",Golden State Warriors,Minnesota Timberwolves,Target Center,https://statsdmz.nba.com/pdfs/20250506/20250506_GSWMIN_book.pdf,8:42 PM
"Wed, May 7, 2025",New York Knicks,Boston Celtics,TD Garden,https://statsdmz.nba.com/pdfs/20250507/20250507_NYKBOS_book.pdf,7:06 PM
"Wed, May 7, 2025",Denver Nuggets,Oklahoma City Thunder,Paycom Center,https://statsdmz.nba.com/pdfs/20250507/20250507_DENOKC_book.pdf,8:38 PM
"Thu, May 8, 2025",Golden State Warriors,Minnesota Timberwolves,Target Center,https://statsdmz.nba.com/pdfs/20250508/20250508_GSWMIN_book.pdf,7:35 PM
"Fri, May 9, 2025",Cleveland Cavaliers,Indiana Pacers,Gainbridge Fieldhouse,https://statsdmz.nba.com/pdfs/20250509/20250509_CLEIND_book.pdf,7:44 PM
"Fri, May 9, 2025",Oklahoma City Thunder,Denver Nuggets,Ball Arena,https://statsdmz.nba.com/pdfs/20250509/20250509_OKCDEN_book.pdf,8:26 PM
"Sat, May 10, 2025",Boston Celtics,New York Knicks,Madison Square Garden,https://statsdmz.nba.com/pdfs/20250510/20250510_BOSNYK_book.pdf,3:41 PM
"Sat, May 10, 2025",Minnesota Timberwolves,Golden State Warriors,Chase Center,https://statsdmz.nba.com/pdfs/20250510/20250510_MINGSW_book.pdf,5:41 PM
"Sun, May 11, 2025",Oklahoma City Thunder,Denver Nuggets,Ball Arena,https://statsdmz.nba.com/pdfs/20250511/20250511_OKCDEN_book.pdf,1:41 PM
"Sun, May 11, 2025",Cleveland Cavaliers,Indiana Pacers,Gainbridge Fieldhouse,https://statsdmz.nba.com/pdfs/20250511/20250511_CLEIND_book.pdf,8:06 PM
"Mon, May 12, 2025",Boston Celtics,New York Knicks,Madison Square Garden,https://statsdmz.nba.com/pdfs/20250512/20250512_BOSNYK_book.pdf,7:44 PM
"Mon, May 12, 2025",Minnesota Timberwolves,Golden State Warriors,Chase Center,https://statsdmz.nba.com/pdfs/20250512/20250512_MINGSW_book.pdf,7:26 PM
"Tue, May 13, 2025",Indiana Pacers,Cleveland Cavaliers,Rocket Mortgage FieldHouse,https://statsdmz.nba.com/pdfs/20250513/20250513_INDCLE_book.pdf,7:06 PM
"Tue, May 13, 2025",Denver Nuggets,Oklahoma City Thunder,Paycom Center,https://statsdmz.nba.com/pdfs/20250513/20250513_DENOKC_book.pdf,8:47 PM
"Wed, May 14, 2025",New York Knicks,Boston Celtics,TD Garden,https://statsdmz.nba.com/pdfs/20250514/20250514_NYKBOS_book.pdf,7:05 PM
"Wed, May 14, 2025",Golden State Warriors,Minnesota Timberwolves,Target Center,https://statsdmz.nba.com/pdfs/20250514/20250514_GSWMIN_book.pdf,8:49 PM
"Thu, May 15, 2025",Oklahoma City Thunder,Denver Nuggets,Ball Arena,https://statsdmz.nba.com/pdfs/20250515/20250515_OKCDEN_book.pdf,6:44 PM
"Fri, May 16, 2025",Boston Celtics,New York Knicks,Madison Square Garden,https://statsdmz.nba.com/pdfs/20250516/20250516_BOSNYK_book.pdf,8:14 PM
"Sun, May 18, 2025",Denver Nuggets,Oklahoma City Thunder,Paycom Center,https://statsdmz.nba.com/pdfs/20250518/20250518_DENOKC_book.pdf,2:40 PM
"Tue, May 20, 2025",Minnesota Timberwolves,Oklahoma City Thunder,Paycom Center,https://statsdmz.nba.com/pdfs/20250520/20250520_MINOKC_book.pdf,7:44 PM
"Wed, May 21, 2025",Indiana Pacers,New York Knicks,Madison Square Garden,https://statsdmz.nba.com/pdfs/20250521/20250521_INDNYK_book.pdf,8:06 PM
"Thu, May 22, 2025",Minnesota Timberwolves,Oklahoma City Thunder,Paycom Center,https://statsdmz.nba.com/pdfs/20250522/20250522_MINOKC_book.pdf,7:44 PM
"Fri, May 23, 2025",Indiana Pacers,New York Knicks,Madison Square Garden,https://statsdmz.nba.com/pdfs/20250523/20250523_INDNYK_book.pdf,8:05 PM
"Sat, May 24, 2025",Oklahoma City Thunder,Minnesota Timberwolves,Target Center,https://statsdmz.nba.com/pdfs/20250524/20250524_OKCMIN_book.pdf,7:41 PM
"Sun, May 25, 2025",New York Knicks,Indiana Pacers,Gainbridge Fieldhouse,https://statsdmz.nba.com/pdfs/20250525/20250525_NYKIND_book.pdf,8:06 PM
"Mon, May 26, 2025",Oklahoma City Thunder,Minnesota Timberwolves,Target Center,https://statsdmz.nba.com/pdfs/20250526/20250526_OKCMIN_book.pdf,7:44 PM
"Tue, May 27, 2025",New York Knicks,Indiana Pacers,Gainbridge Fieldhouse,https://statsdmz.nba.com/pdfs/20250527/20250527_NYKIND_book.pdf,8:06 PM
"Wed, May 28, 2025",Minnesota Timberwolves,Oklahoma City Thunder,Paycom Center,https://statsdmz.nba.com/pdfs/20250528/20250528_MINOKC_book.pdf,7:44 PM
"Thu, May 29, 2025",Indiana Pacers,New York Knicks,Madison Square Garden,https://statsdmz.nba.com/pdfs/20250529/20250529_INDNYK_book.pdf,8:06 PM
"Sat, May 31, 2025",New York Knicks,Indiana Pacers,Gainbridge Fieldhouse,https://statsdmz.nba.com/pdfs/20250531/20250531_NYKIND_book.pdf,8:05 PM
"Thu, Jun 5, 2025",Indiana Pacers,Oklahoma City Thunder,Paycom Center,https://statsdmz.nba.com/pdfs/20250605/20250605_INDOKC_book.pdf,7:37 PM
"Sun, Jun 8, 2025",Indiana Pacers,Oklahoma City Thunder,Paycom Center,https://statsdmz.nba.com/pdfs/20250608/20250608_INDOKC_book.pdf,7:07 PM
"Wed, Jun 11, 2025",Oklahoma City Thunder,Indiana Pacers,Gainbridge Fieldhouse,https://statsdmz.nba.com/pdfs/20250611/20250611_OKCIND_book.pdf,8:38 PM
"Fri, Jun 13, 2025",Oklahoma City Thunder,Indiana Pacers,Gainbridge Fieldhouse,https://statsdmz.nba.com/pdfs/20250613/20250613_OKCIND_book.pdf,8:38 PM
"Mon, Jun 16, 2025",Indiana Pacers,Oklahoma City Thunder,Paycom Center,https://statsdmz.nba.com/pdfs/20250616/20250616_INDOKC_book.pdf,7:40 PM
"Thu, Jun 19, 2025",Oklahoma City Thunder,Indiana Pacers,Gainbridge Fieldhouse,https://statsdmz.nba.com/pdfs/20250619/20250619_OKCIND_book.pdf,8:40 PM
"Sun, Jun 22, 2025",Indiana Pacers,Oklahoma City Thunder,Paycom Center,https://statsdmz.nba.com/pdfs/20250622/20250622_INDOKC_book.pdf,7:08 PM
